"num","cc","subversion","ir","d005","d105a","d105b","d105c","d105d","d105e","d105f","d105g","d105j","d105h","d105i","d105k","v501","v502","v044","d115y","d117a","v005","v743a","v743b","v743d","v744a","v744b","v744c","v744d","v744e","v511","v525","ge"
"0","BO",1,"BOIR01FL.DTA",NA,NA,NA,NA,NA,NA,NA,NA,NA,NA,NA,NA,TRUE,TRUE,NA,NA,NA,TRUE,NA,NA,NA,NA,NA,NA,NA,NA,TRUE,TRUE,NA
"0","BR",1,"BRIR01FL.DTA",NA,NA,NA,NA,NA,NA,NA,NA,NA,NA,NA,NA,TRUE,TRUE,NA,NA,NA,TRUE,NA,NA,NA,NA,NA,NA,NA,NA,TRUE,TRUE,NA
"0","BU",1,"BUIR02FL.DTA",NA,NA,NA,NA,NA,NA,NA,NA,NA,NA,NA,NA,TRUE,TRUE,NA,NA,NA,TRUE,NA,NA,NA,NA,NA,NA,NA,NA,TRUE,TRUE,NA
"0","CO",1,"COIR01FL.DTA",NA,NA,NA,NA,NA,NA,NA,NA,NA,NA,NA,NA,TRUE,TRUE,NA,NA,NA,TRUE,NA,NA,NA,NA,NA,NA,NA,NA,TRUE,TRUE,NA
"0","DR",1,"DRIR01FL.DTA",NA,NA,NA,NA,NA,NA,NA,NA,NA,NA,NA,NA,TRUE,TRUE,NA,NA,NA,TRUE,NA,NA,NA,NA,NA,NA,NA,NA,TRUE,TRUE,NA
"0","EC",1,"ECIR01FL.DTA",NA,NA,NA,NA,NA,NA,NA,NA,NA,NA,NA,NA,TRUE,TRUE,NA,NA,NA,TRUE,NA,NA,NA,NA,NA,NA,NA,NA,TRUE,TRUE,NA
"0","EG",1,"EGIR01FL.DTA",NA,NA,NA,NA,NA,NA,NA,NA,NA,NA,NA,NA,TRUE,TRUE,NA,NA,NA,TRUE,NA,NA,NA,NA,NA,NA,NA,NA,TRUE,TRUE,NA
"0","ES",1,"ESIR01FL.DTA",NA,NA,NA,NA,NA,NA,NA,NA,NA,NA,NA,NA,TRUE,TRUE,NA,NA,NA,TRUE,NA,NA,NA,NA,NA,NA,NA,NA,TRUE,TRUE,NA
"0","GH",1,"GHIR02FL.DTA",NA,NA,NA,NA,NA,NA,NA,NA,NA,NA,NA,NA,TRUE,TRUE,NA,NA,NA,TRUE,NA,NA,NA,NA,NA,NA,NA,NA,TRUE,TRUE,NA
"0","GU",1,"GUIR01FL.DTA",NA,NA,NA,NA,NA,NA,NA,NA,NA,NA,NA,NA,TRUE,TRUE,NA,NA,NA,TRUE,NA,NA,NA,NA,NA,NA,NA,NA,TRUE,TRUE,NA
"0","ID",1,"IDIR01FL.DTA",NA,NA,NA,NA,NA,NA,NA,NA,NA,NA,NA,NA,TRUE,TRUE,NA,NA,NA,TRUE,NA,NA,NA,NA,NA,NA,NA,NA,TRUE,TRUE,NA
"0","KE",1,"KEIR03FL.DTA",NA,NA,NA,NA,NA,NA,NA,NA,NA,NA,NA,NA,TRUE,TRUE,NA,NA,NA,TRUE,NA,NA,NA,NA,NA,NA,NA,NA,TRUE,TRUE,NA
"0","LB",1,"LBIR01FL.DTA",NA,NA,NA,NA,NA,NA,NA,NA,NA,NA,NA,NA,TRUE,TRUE,NA,NA,NA,TRUE,NA,NA,NA,NA,NA,NA,NA,NA,TRUE,TRUE,"LBGE03FL.shp"
"0","LK",1,"LKIR02FL.DTA",NA,NA,NA,NA,NA,NA,NA,NA,NA,NA,NA,NA,TRUE,TRUE,NA,NA,NA,TRUE,NA,NA,NA,NA,NA,NA,NA,NA,TRUE,TRUE,NA
"0","MA",1,"MAIR01FL.DTA",NA,NA,NA,NA,NA,NA,NA,NA,NA,NA,NA,NA,TRUE,TRUE,NA,NA,NA,TRUE,NA,NA,NA,NA,NA,NA,NA,NA,TRUE,TRUE,NA
"0","ML",1,"MLIR01FL.DTA",NA,NA,NA,NA,NA,NA,NA,NA,NA,NA,NA,NA,TRUE,TRUE,NA,NA,NA,TRUE,NA,NA,NA,NA,NA,NA,NA,NA,TRUE,TRUE,NA
"0","MX",1,"MXIR01FL.DTA",NA,NA,NA,NA,NA,NA,NA,NA,NA,NA,NA,NA,TRUE,TRUE,NA,NA,NA,TRUE,NA,NA,NA,NA,NA,NA,NA,NA,TRUE,TRUE,NA
"0","OS",1,"OSIR01FL.DTA",NA,NA,NA,NA,NA,NA,NA,NA,NA,NA,NA,NA,TRUE,TRUE,NA,NA,NA,TRUE,NA,NA,NA,NA,NA,NA,NA,NA,TRUE,TRUE,NA
"0","PE",1,"PEIR01FL.DTA",NA,NA,NA,NA,NA,NA,NA,NA,NA,NA,NA,NA,TRUE,TRUE,NA,NA,NA,TRUE,NA,NA,NA,NA,NA,NA,NA,NA,TRUE,TRUE,NA
"0","SD",1,"SDIR02FL.DTA",NA,NA,NA,NA,NA,NA,NA,NA,NA,NA,NA,NA,TRUE,TRUE,NA,NA,NA,TRUE,NA,NA,NA,NA,NA,NA,NA,NA,TRUE,TRUE,NA
"0","SN",1,"SNIR02FL.DTA",NA,NA,NA,NA,NA,NA,NA,NA,NA,NA,NA,NA,TRUE,TRUE,NA,NA,NA,TRUE,NA,NA,NA,NA,NA,NA,NA,NA,TRUE,TRUE,NA
"0","TG",1,"TGIR01FL.DTA",NA,NA,NA,NA,NA,NA,NA,NA,NA,NA,NA,NA,TRUE,TRUE,NA,NA,NA,TRUE,NA,NA,NA,NA,NA,NA,NA,NA,TRUE,TRUE,"TGGE03FL.shp"
"0","TH",1,"THIR01FL.DTA",NA,NA,NA,NA,NA,NA,NA,NA,NA,NA,NA,NA,TRUE,TRUE,NA,NA,NA,TRUE,NA,NA,NA,NA,NA,NA,NA,NA,TRUE,TRUE,NA
"0","TN",1,"TNIR02FL.DTA",NA,NA,NA,NA,NA,NA,NA,NA,NA,NA,NA,NA,TRUE,TRUE,NA,NA,NA,TRUE,NA,NA,NA,NA,NA,NA,NA,NA,TRUE,TRUE,NA
"0","TT",1,"TTIR01FL.DTA",NA,NA,NA,NA,NA,NA,NA,NA,NA,NA,NA,NA,TRUE,TRUE,NA,NA,NA,TRUE,NA,NA,NA,NA,NA,NA,NA,NA,TRUE,TRUE,NA
"0","UG",1,"UGIR01FL.DTA",NA,NA,NA,NA,NA,NA,NA,NA,NA,NA,NA,NA,TRUE,TRUE,NA,NA,NA,TRUE,NA,NA,NA,NA,NA,NA,NA,NA,TRUE,TRUE,NA
"0","ZW",1,"ZWIR01FL.DTA",NA,NA,NA,NA,NA,NA,NA,NA,NA,NA,NA,NA,TRUE,TRUE,NA,NA,NA,TRUE,NA,NA,NA,NA,NA,NA,NA,NA,TRUE,TRUE,NA
"2","BF",1,"BFIR21FL.DTA",NA,NA,NA,NA,NA,NA,NA,NA,NA,NA,NA,NA,TRUE,TRUE,NA,NA,NA,TRUE,NA,NA,NA,NA,NA,NA,NA,NA,TRUE,TRUE,"BFGE23FL.shp"
"2","BR",1,"BRIR21FL.DTA",NA,NA,NA,NA,NA,NA,NA,NA,NA,NA,NA,NA,TRUE,TRUE,NA,NA,NA,TRUE,NA,NA,NA,NA,NA,NA,NA,NA,TRUE,TRUE,NA
"2","CM",1,"CMIR22FL.DTA",NA,NA,NA,NA,NA,NA,NA,NA,NA,NA,NA,NA,TRUE,TRUE,NA,NA,NA,TRUE,NA,NA,NA,NA,NA,NA,NA,NA,TRUE,TRUE,"CMGE23FL.shp"
"2","CO",1,"coir22fl.dta",NA,NA,NA,NA,NA,NA,NA,NA,NA,NA,NA,NA,TRUE,TRUE,NA,NA,NA,TRUE,NA,NA,NA,NA,NA,NA,NA,NA,TRUE,TRUE,NA
"2","DR",1,"DRIR21FL.DTA",NA,NA,NA,NA,NA,NA,NA,NA,NA,NA,NA,NA,TRUE,TRUE,NA,NA,NA,TRUE,NA,NA,NA,NA,NA,NA,NA,NA,TRUE,TRUE,NA
"2","EG",1,"EGIR21FL.DTA",NA,NA,NA,NA,NA,NA,NA,NA,NA,NA,NA,NA,TRUE,TRUE,NA,NA,NA,TRUE,NA,NA,NA,NA,NA,NA,NA,NA,TRUE,TRUE,"EGGE22FL.shp"
"2","IA",1,"IAIR23FL.DTA",NA,NA,NA,NA,NA,NA,NA,NA,NA,NA,NA,NA,TRUE,TRUE,NA,NA,NA,TRUE,NA,NA,NA,NA,NA,NA,NA,NA,TRUE,TRUE,NA
"2","ID",1,"IDIR21FL.DTA",NA,NA,NA,NA,NA,NA,NA,NA,NA,NA,NA,NA,TRUE,TRUE,NA,NA,NA,TRUE,NA,NA,NA,NA,NA,NA,NA,NA,TRUE,TRUE,NA
"2","JO",1,"JOIR21FL.DTA",NA,NA,NA,NA,NA,NA,NA,NA,NA,NA,NA,NA,TRUE,TRUE,NA,NA,NA,TRUE,NA,NA,NA,NA,NA,NA,NA,NA,TRUE,TRUE,NA
"2","MA",1,"MAIR21FL.DTA",NA,NA,NA,NA,NA,NA,NA,NA,NA,NA,NA,NA,TRUE,TRUE,NA,NA,NA,TRUE,NA,NA,NA,NA,NA,NA,NA,NA,TRUE,TRUE,NA
"2","MD",1,"MDIR21FL.DTA",NA,NA,NA,NA,NA,NA,NA,NA,NA,NA,NA,NA,TRUE,TRUE,NA,NA,NA,TRUE,NA,NA,NA,NA,NA,NA,NA,NA,TRUE,TRUE,NA
"2","MW",1,"MWIR22FL.DTA",NA,NA,NA,NA,NA,NA,NA,NA,NA,NA,NA,NA,TRUE,TRUE,NA,NA,NA,TRUE,NA,NA,NA,NA,NA,NA,NA,NA,TRUE,TRUE,NA
"2","NG",1,"NGIR21FL.DTA",NA,NA,NA,NA,NA,NA,NA,NA,NA,NA,NA,NA,TRUE,TRUE,NA,NA,NA,TRUE,NA,NA,NA,NA,NA,NA,NA,NA,TRUE,TRUE,"NGGE23FL.shp"
"2","NI",1,"NIIR22FL.DTA",NA,NA,NA,NA,NA,NA,NA,NA,NA,NA,NA,NA,TRUE,TRUE,NA,NA,NA,TRUE,NA,NA,NA,NA,NA,NA,NA,NA,TRUE,TRUE,"NIGE23FL.shp"
"2","NM",1,"NMIR21FL.DTA",NA,NA,NA,NA,NA,NA,NA,NA,NA,NA,NA,NA,TRUE,TRUE,NA,NA,NA,TRUE,NA,NA,NA,NA,NA,NA,NA,NA,TRUE,TRUE,NA
"2","PE",1,"PEIR21FL.DTA",NA,NA,NA,NA,NA,NA,NA,NA,NA,NA,NA,NA,TRUE,TRUE,NA,NA,NA,TRUE,NA,NA,NA,NA,NA,NA,NA,NA,TRUE,TRUE,NA
"2","PK",1,"PKIR21FL.DTA",NA,NA,NA,NA,NA,NA,NA,NA,NA,NA,NA,NA,TRUE,TRUE,NA,NA,NA,TRUE,NA,NA,NA,NA,NA,NA,NA,NA,TRUE,TRUE,NA
"2","PY",1,"PYIR21FL.DTA",NA,NA,NA,NA,NA,NA,NA,NA,NA,NA,NA,NA,TRUE,TRUE,NA,NA,NA,TRUE,NA,NA,NA,NA,NA,NA,NA,NA,TRUE,TRUE,NA
"2","RW",1,"RWIR21FL.DTA",NA,NA,NA,NA,NA,NA,NA,NA,NA,NA,NA,NA,TRUE,TRUE,NA,NA,NA,TRUE,NA,NA,NA,NA,NA,NA,NA,NA,TRUE,TRUE,NA
"2","SN",1,"SNIR21FL.DTA",NA,NA,NA,NA,NA,NA,NA,NA,NA,NA,NA,NA,TRUE,TRUE,NA,NA,NA,TRUE,NA,NA,NA,NA,NA,NA,NA,NA,TRUE,TRUE,"SNGE23FL.shp"
"2","TZ",1,"TZIR21FL.DTA",NA,NA,NA,NA,NA,NA,NA,NA,NA,NA,NA,NA,TRUE,TRUE,NA,NA,NA,TRUE,NA,NA,NA,NA,NA,NA,NA,NA,TRUE,TRUE,NA
"2","YE",1,"YEIR21FL.DTA",NA,NA,NA,NA,NA,NA,NA,NA,NA,NA,NA,NA,TRUE,TRUE,NA,NA,NA,TRUE,NA,NA,NA,NA,NA,NA,NA,NA,TRUE,TRUE,NA
"2","ZM",1,"ZMIR21FL.DTA",NA,NA,NA,NA,NA,NA,NA,NA,NA,NA,NA,NA,TRUE,TRUE,NA,NA,NA,TRUE,NA,NA,NA,NA,NA,NA,NA,NA,TRUE,TRUE,NA
"3","BD",1,"BDIR31FL.DTA",NA,NA,NA,NA,NA,NA,NA,NA,NA,NA,NA,NA,TRUE,TRUE,NA,NA,NA,TRUE,NA,NA,NA,NA,NA,NA,NA,NA,TRUE,TRUE,NA
"3","BD",2,"BDIR3AFL.DTA",NA,NA,NA,NA,NA,NA,NA,NA,NA,NA,NA,NA,TRUE,TRUE,NA,NA,NA,TRUE,NA,NA,NA,NA,NA,NA,NA,NA,TRUE,TRUE,NA
"3","BF",1,"BFIR31FL.DTA",NA,NA,NA,NA,NA,NA,NA,NA,NA,NA,NA,NA,TRUE,TRUE,NA,NA,NA,TRUE,NA,NA,NA,NA,NA,NA,NA,NA,TRUE,TRUE,"BFGE32FL.shp"
"3","BJ",1,"BJIR31FL.DTA",NA,NA,NA,NA,NA,NA,NA,NA,NA,NA,NA,NA,TRUE,TRUE,NA,NA,NA,TRUE,NA,NA,NA,NA,NA,NA,NA,NA,TRUE,TRUE,"BJGE33FL.shp"
"3","BO",1,"BOIR31FL.DTA",NA,NA,NA,NA,NA,NA,NA,NA,NA,NA,NA,NA,TRUE,TRUE,NA,NA,NA,TRUE,NA,NA,NA,NA,NA,NA,NA,NA,TRUE,TRUE,NA
"3","BO",2,"BOIR3BFL.DTA",NA,NA,NA,NA,NA,NA,NA,NA,NA,NA,NA,NA,TRUE,TRUE,NA,NA,NA,TRUE,NA,NA,NA,NA,NA,NA,NA,NA,TRUE,TRUE,NA
"3","BR",1,"BRIR31FL.DTA",NA,NA,NA,NA,NA,NA,NA,NA,NA,NA,NA,NA,TRUE,TRUE,NA,NA,NA,TRUE,NA,NA,NA,NA,NA,NA,NA,NA,TRUE,TRUE,NA
"3","CF",1,"CFIR31FL.DTA",NA,NA,NA,NA,NA,NA,NA,NA,NA,NA,NA,NA,TRUE,TRUE,NA,NA,NA,TRUE,NA,NA,NA,NA,NA,NA,NA,NA,TRUE,TRUE,"CFGE33FL.shp"
"3","CI",1,"CIIR35FL.DTA",NA,NA,NA,NA,NA,NA,NA,NA,NA,NA,NA,NA,TRUE,TRUE,NA,NA,NA,TRUE,NA,NA,NA,NA,NA,NA,NA,NA,TRUE,TRUE,"CIGE33FL.shp"
"3","CI",2,"CIIR3AFL.DTA",NA,NA,NA,NA,NA,NA,NA,NA,NA,NA,NA,NA,TRUE,TRUE,NA,NA,NA,TRUE,NA,NA,NA,NA,NA,NA,NA,NA,TRUE,TRUE,"CIGE3BFL.shp"
"3","CM",1,"CMIR31FL.DTA",NA,NA,NA,NA,NA,NA,NA,NA,NA,NA,NA,NA,TRUE,TRUE,NA,NA,NA,TRUE,NA,NA,NA,NA,NA,NA,NA,NA,TRUE,TRUE,NA
"3","CO",1,"COIR31FL.DTA",NA,NA,NA,NA,NA,NA,NA,NA,NA,NA,NA,NA,TRUE,TRUE,NA,NA,NA,TRUE,NA,NA,NA,NA,NA,NA,NA,NA,TRUE,TRUE,NA
"3","DR",1,"DRIR32FL.DTA",NA,NA,NA,NA,NA,NA,NA,NA,NA,NA,NA,NA,TRUE,TRUE,NA,NA,NA,TRUE,NA,NA,NA,NA,NA,NA,NA,NA,TRUE,TRUE,NA
"3","EG",1,"EGIR33FL.DTA",NA,NA,NA,NA,NA,NA,NA,NA,NA,NA,NA,NA,TRUE,TRUE,NA,NA,NA,TRUE,NA,NA,NA,NA,NA,NA,NA,NA,TRUE,TRUE,"EGGE32FL.shp"
"3","GH",1,"GHIR31FL.DTA",NA,NA,NA,NA,NA,NA,NA,NA,NA,NA,NA,NA,TRUE,TRUE,NA,NA,NA,TRUE,NA,NA,NA,NA,NA,NA,NA,NA,TRUE,TRUE,"GHGE33FL.shp"
"3","GU",1,"GUIR34FL.DTA",NA,NA,NA,NA,NA,NA,NA,NA,NA,NA,NA,NA,TRUE,TRUE,NA,NA,NA,TRUE,NA,NA,NA,NA,NA,NA,NA,NA,TRUE,TRUE,NA
"3","HT",1,"HTIR31FL.DTA",NA,NA,NA,NA,NA,NA,NA,NA,NA,NA,NA,NA,TRUE,TRUE,NA,NA,NA,TRUE,NA,NA,NA,NA,NA,NA,NA,NA,TRUE,TRUE,NA
"3","ID",1,"IDIR31FL.DTA",NA,NA,NA,NA,NA,NA,NA,NA,NA,NA,NA,NA,TRUE,TRUE,NA,NA,NA,TRUE,NA,NA,NA,NA,NA,NA,NA,NA,TRUE,TRUE,NA
"3","ID",2,"IDIR3AFL.DTA",NA,NA,NA,NA,NA,NA,NA,NA,NA,NA,NA,NA,TRUE,TRUE,NA,NA,NA,TRUE,NA,NA,NA,NA,NA,NA,NA,NA,TRUE,TRUE,NA
"3","JO",1,"JOIR31FL.DTA",NA,NA,NA,NA,NA,NA,NA,NA,NA,NA,NA,NA,TRUE,TRUE,NA,NA,NA,TRUE,NA,NA,NA,NA,NA,NA,NA,NA,TRUE,TRUE,NA
"3","KE",1,"KEIR33FL.DTA",NA,NA,NA,NA,NA,NA,NA,NA,NA,NA,NA,NA,TRUE,TRUE,NA,NA,NA,TRUE,NA,NA,NA,NA,NA,NA,NA,NA,TRUE,TRUE,NA
"3","KE",2,"KEIR3AFL.DTA",NA,NA,NA,NA,NA,NA,NA,NA,NA,NA,NA,NA,TRUE,TRUE,NA,NA,NA,TRUE,NA,NA,NA,NA,NA,NA,NA,NA,TRUE,TRUE,NA
"3","KK",1,"KKIR31FL.DTA",NA,NA,NA,NA,NA,NA,NA,NA,NA,NA,NA,NA,TRUE,TRUE,NA,NA,NA,TRUE,NA,NA,NA,NA,NA,NA,NA,NA,TRUE,TRUE,NA
"3","KM",1,"KMIR32FL.DTA",NA,NA,NA,NA,NA,NA,NA,NA,NA,NA,NA,NA,TRUE,TRUE,NA,NA,NA,TRUE,NA,NA,NA,NA,NA,NA,NA,NA,TRUE,TRUE,NA
"3","KY",1,"KYIR31FL.DTA",NA,NA,NA,NA,NA,NA,NA,NA,NA,NA,NA,NA,TRUE,TRUE,NA,NA,NA,TRUE,NA,NA,NA,NA,NA,NA,NA,NA,TRUE,TRUE,NA
"3","MD",1,"MDIR31FL.DTA",NA,NA,NA,NA,NA,NA,NA,NA,NA,NA,NA,NA,TRUE,TRUE,NA,NA,NA,TRUE,NA,NA,NA,NA,NA,NA,NA,NA,TRUE,TRUE,"MDGE32FL.shp"
"3","ML",1,"MLIR32FL.DTA",NA,NA,NA,NA,NA,NA,NA,NA,NA,NA,NA,NA,TRUE,TRUE,NA,NA,NA,TRUE,NA,NA,NA,NA,NA,NA,NA,NA,TRUE,TRUE,"MLGE33FL.shp"
"3","MZ",1,"MZIR31FL.DTA",NA,NA,NA,NA,NA,NA,NA,NA,NA,NA,NA,NA,TRUE,TRUE,NA,NA,NA,TRUE,NA,NA,NA,NA,NA,NA,NA,NA,TRUE,TRUE,NA
"3","NC",1,"NCIR31FL.DTA",NA,NA,NA,NA,NA,NA,NA,NA,NA,NA,NA,NA,TRUE,TRUE,NA,NA,NA,TRUE,NA,NA,NA,NA,NA,NA,NA,NA,TRUE,TRUE,NA
"3","NI",1,"NIIR31FL.DTA",NA,NA,NA,NA,NA,NA,NA,NA,NA,NA,NA,NA,TRUE,TRUE,NA,NA,NA,TRUE,NA,NA,NA,NA,NA,NA,NA,NA,TRUE,TRUE,"NIGE32FL.shp"
"3","NP",1,"NPIR31FL.DTA",NA,NA,NA,NA,NA,NA,NA,NA,NA,NA,NA,NA,TRUE,TRUE,NA,NA,NA,TRUE,NA,NA,NA,NA,NA,NA,NA,NA,TRUE,TRUE,NA
"3","PE",1,"PEIR31FL.DTA",NA,NA,NA,NA,NA,NA,NA,NA,NA,NA,NA,NA,TRUE,TRUE,NA,NA,NA,TRUE,NA,NA,NA,NA,NA,NA,NA,NA,TRUE,TRUE,NA
"3","PH",1,"PHIR31FL.DTA",NA,NA,NA,NA,NA,NA,NA,NA,NA,NA,NA,NA,TRUE,TRUE,NA,NA,NA,TRUE,NA,NA,NA,NA,NA,NA,NA,NA,TRUE,TRUE,NA
"3","PH",2,"PHIR3BFL.DTA",NA,NA,NA,NA,NA,NA,NA,NA,NA,NA,NA,NA,TRUE,TRUE,NA,NA,NA,TRUE,NA,NA,NA,NA,NA,NA,NA,NA,TRUE,TRUE,NA
"3","SN",1,"SNIR32FL.DTA",NA,NA,NA,NA,NA,NA,NA,NA,NA,NA,NA,NA,TRUE,TRUE,NA,NA,NA,TRUE,NA,NA,NA,NA,NA,NA,NA,NA,TRUE,TRUE,"SNGE32FL.shp"
"3","TD",1,"TDIR31FL.DTA",NA,NA,NA,NA,NA,NA,NA,NA,NA,NA,NA,NA,TRUE,TRUE,NA,NA,NA,TRUE,NA,NA,NA,NA,NA,NA,NA,NA,TRUE,TRUE,NA
"3","TG",1,"TGIR31FL.DTA",NA,NA,NA,NA,NA,NA,NA,NA,NA,NA,NA,NA,TRUE,TRUE,NA,NA,NA,TRUE,NA,NA,NA,NA,NA,NA,NA,NA,TRUE,TRUE,"TGGE32FL.shp"
"3","TR",1,"TRIR31FL.DTA",NA,NA,NA,NA,NA,NA,NA,NA,NA,NA,NA,NA,TRUE,TRUE,NA,NA,NA,TRUE,NA,NA,NA,NA,NA,NA,NA,NA,TRUE,TRUE,NA
"3","TZ",2,"TZIR3AFL.DTA",NA,NA,NA,NA,NA,NA,NA,NA,NA,NA,NA,NA,TRUE,TRUE,NA,NA,NA,TRUE,NA,NA,NA,NA,NA,NA,NA,NA,TRUE,TRUE,NA
"3","UG",1,"UGIR33FL.DTA",NA,NA,NA,NA,NA,NA,NA,NA,NA,NA,NA,NA,TRUE,TRUE,NA,NA,NA,TRUE,NA,NA,NA,NA,NA,NA,NA,NA,TRUE,TRUE,NA
"3","UZ",1,"UZIR31FL.DTA",NA,NA,NA,NA,NA,NA,NA,NA,NA,NA,NA,NA,TRUE,TRUE,NA,NA,NA,TRUE,NA,NA,NA,NA,NA,NA,NA,NA,TRUE,TRUE,NA
"3","VN",1,"VNIR31FL.DTA",NA,NA,NA,NA,NA,NA,NA,NA,NA,NA,NA,NA,TRUE,TRUE,NA,NA,NA,TRUE,NA,NA,NA,NA,NA,NA,NA,NA,TRUE,TRUE,NA
"3","ZA",1,"ZAIR31FL.DTA",NA,NA,NA,NA,NA,NA,NA,NA,NA,NA,NA,NA,TRUE,TRUE,NA,NA,NA,TRUE,NA,NA,NA,NA,NA,NA,NA,NA,TRUE,TRUE,NA
"3","ZM",1,"ZMIR31FL.DTA",NA,NA,NA,NA,NA,NA,NA,NA,NA,NA,NA,NA,TRUE,TRUE,NA,NA,NA,TRUE,NA,NA,NA,NA,NA,NA,NA,NA,TRUE,TRUE,NA
"3","ZW",1,"ZWIR31FL.DTA",NA,NA,NA,NA,NA,NA,NA,NA,NA,NA,NA,NA,TRUE,TRUE,NA,NA,NA,TRUE,NA,NA,NA,NA,NA,NA,NA,NA,TRUE,TRUE,NA
"4","AM",1,"AMIR42FL.DTA",NA,NA,NA,NA,NA,NA,NA,NA,NA,NA,NA,NA,TRUE,TRUE,TRUE,NA,NA,TRUE,TRUE,TRUE,TRUE,TRUE,TRUE,TRUE,TRUE,TRUE,TRUE,TRUE,NA
"4","AP",1,"APIR42FL.DTA",NA,NA,NA,NA,NA,NA,NA,NA,NA,NA,NA,NA,TRUE,TRUE,NA,NA,NA,TRUE,NA,NA,NA,NA,NA,NA,NA,NA,TRUE,TRUE,NA
"4","AR",1,"ARIR42FL.DTA",NA,NA,NA,NA,NA,NA,NA,NA,NA,NA,NA,NA,TRUE,TRUE,NA,NA,NA,TRUE,NA,NA,NA,NA,NA,NA,NA,NA,TRUE,TRUE,NA
"4","AS",1,"ASIR42FL.DTA",NA,NA,NA,NA,NA,NA,NA,NA,NA,NA,NA,NA,TRUE,TRUE,NA,NA,NA,TRUE,NA,NA,NA,NA,NA,NA,NA,NA,TRUE,TRUE,NA
"4","BD",1,"BDIR41FL.DTA",NA,NA,NA,NA,NA,NA,NA,NA,NA,NA,NA,NA,TRUE,TRUE,NA,NA,NA,TRUE,NA,NA,NA,NA,NA,NA,NA,NA,TRUE,TRUE,"BDGE42FL.shp"
"4","BD",3,"BDIR4JFL.DTA",TRUE,TRUE,TRUE,TRUE,TRUE,TRUE,TRUE,TRUE,TRUE,TRUE,TRUE,TRUE,TRUE,TRUE,TRUE,TRUE,NA,TRUE,TRUE,TRUE,TRUE,TRUE,TRUE,TRUE,TRUE,TRUE,TRUE,TRUE,"BDGE4JFL.shp"
"4","BF",1,"BFIR43FL.dta",NA,NA,NA,NA,NA,NA,NA,NA,NA,NA,NA,NA,TRUE,TRUE,TRUE,NA,NA,TRUE,TRUE,TRUE,TRUE,TRUE,TRUE,TRUE,TRUE,TRUE,TRUE,TRUE,"BFGE43FL.shp"
"4","BH",1,"BHIR42FL.DTA",NA,NA,NA,NA,NA,NA,NA,NA,NA,NA,NA,NA,TRUE,TRUE,NA,NA,NA,TRUE,NA,NA,NA,NA,NA,NA,NA,NA,TRUE,TRUE,NA
"4","BJ",1,"BJIR41FL.DTA",NA,NA,NA,NA,NA,NA,NA,NA,NA,NA,NA,NA,TRUE,TRUE,TRUE,NA,NA,TRUE,TRUE,TRUE,TRUE,TRUE,TRUE,TRUE,TRUE,TRUE,TRUE,TRUE,"BJGE42FL.shp"
"4","BO",1,"BOIR41FL.DTA",TRUE,TRUE,TRUE,TRUE,TRUE,TRUE,TRUE,TRUE,TRUE,TRUE,TRUE,TRUE,TRUE,TRUE,TRUE,TRUE,NA,TRUE,TRUE,TRUE,TRUE,TRUE,TRUE,TRUE,TRUE,TRUE,TRUE,TRUE,NA
"4","CM",1,"CMIR44FL.dta",TRUE,TRUE,TRUE,TRUE,TRUE,TRUE,TRUE,TRUE,TRUE,TRUE,TRUE,TRUE,TRUE,TRUE,TRUE,TRUE,NA,TRUE,TRUE,TRUE,TRUE,TRUE,TRUE,TRUE,TRUE,TRUE,TRUE,TRUE,"CMGE42FL.shp"
"4","CO",1,"COIR41FL.DTA",TRUE,TRUE,TRUE,TRUE,TRUE,TRUE,TRUE,TRUE,TRUE,TRUE,TRUE,TRUE,TRUE,TRUE,TRUE,TRUE,NA,TRUE,TRUE,TRUE,TRUE,TRUE,TRUE,TRUE,TRUE,TRUE,TRUE,TRUE,NA
"4","DL",1,"DLIR42FL.DTA",NA,NA,NA,NA,NA,NA,NA,NA,NA,NA,NA,NA,TRUE,TRUE,NA,NA,NA,TRUE,NA,NA,NA,NA,NA,NA,NA,NA,TRUE,TRUE,NA
"4","DR",1,"DRIR41FL.DTA",NA,NA,NA,NA,NA,NA,NA,NA,NA,NA,NA,NA,TRUE,TRUE,NA,NA,NA,TRUE,NA,NA,NA,NA,NA,NA,NA,NA,TRUE,TRUE,NA
"4","DR",2,"DRIR4AFL.DTA",TRUE,TRUE,TRUE,TRUE,TRUE,TRUE,TRUE,TRUE,TRUE,TRUE,TRUE,TRUE,TRUE,TRUE,TRUE,TRUE,NA,TRUE,TRUE,TRUE,TRUE,TRUE,TRUE,TRUE,TRUE,TRUE,TRUE,TRUE,NA
"4","EG",1,"EGIR42FL.DTA",NA,NA,NA,NA,NA,NA,NA,NA,NA,NA,NA,NA,TRUE,TRUE,TRUE,NA,NA,TRUE,TRUE,TRUE,TRUE,TRUE,TRUE,TRUE,TRUE,TRUE,TRUE,TRUE,"EGGE42FL.shp"
"4","EG",2,"EGIR4AFL.DTA",NA,NA,NA,NA,NA,NA,NA,NA,NA,NA,NA,NA,TRUE,TRUE,TRUE,NA,NA,TRUE,TRUE,TRUE,TRUE,TRUE,TRUE,TRUE,TRUE,TRUE,TRUE,TRUE,"EGGE4BFL.shp"
"4","ET",1,"ETIR41FL.DTA",NA,NA,NA,NA,NA,NA,NA,NA,NA,NA,NA,NA,TRUE,TRUE,TRUE,NA,NA,TRUE,TRUE,TRUE,TRUE,TRUE,TRUE,TRUE,TRUE,TRUE,TRUE,TRUE,"ETGE42FL.shp"
"4","GA",1,"GAIR41FL.DTA",NA,NA,NA,NA,NA,NA,NA,NA,NA,NA,NA,NA,NA,NA,NA,NA,NA,NA,NA,NA,NA,NA,NA,NA,NA,NA,NA,NA,NA
"4","GH",1,"GHIR41FL.DTA",NA,NA,NA,NA,NA,NA,NA,NA,NA,NA,NA,NA,TRUE,TRUE,NA,NA,NA,TRUE,NA,NA,NA,NA,NA,NA,NA,NA,TRUE,TRUE,"GHGE42FL.shp"
"4","GH",2,"GHIR4BFL.DTA",NA,NA,NA,NA,NA,NA,NA,NA,NA,NA,NA,NA,TRUE,TRUE,TRUE,NA,NA,TRUE,TRUE,TRUE,TRUE,TRUE,TRUE,TRUE,TRUE,TRUE,TRUE,TRUE,"GHGE4BFL.shp"
"4","GJ",1,"GJIR42FL.DTA",NA,NA,NA,NA,NA,NA,NA,NA,NA,NA,NA,NA,TRUE,TRUE,NA,NA,NA,TRUE,NA,NA,NA,NA,NA,NA,NA,NA,TRUE,TRUE,NA
"4","GN",1,"GNIR41FL.DTA",NA,NA,NA,NA,NA,NA,NA,NA,NA,NA,NA,NA,TRUE,TRUE,NA,NA,NA,TRUE,NA,NA,NA,NA,NA,NA,NA,NA,TRUE,TRUE,"GNGE42FL.shp"
"4","GO",1,"GOIR42FL.DTA",NA,NA,NA,NA,NA,NA,NA,NA,NA,NA,NA,NA,TRUE,TRUE,NA,NA,NA,TRUE,NA,NA,NA,NA,NA,NA,NA,NA,TRUE,TRUE,NA
"4","GU",1,"GUIR41FL.DTA",NA,NA,NA,NA,NA,NA,NA,NA,NA,NA,NA,NA,TRUE,TRUE,NA,NA,NA,TRUE,NA,NA,NA,NA,NA,NA,NA,NA,TRUE,TRUE,NA
"4","HP",1,"HPIR42FL.DTA",NA,NA,NA,NA,NA,NA,NA,NA,NA,NA,NA,NA,TRUE,TRUE,NA,NA,NA,TRUE,NA,NA,NA,NA,NA,NA,NA,NA,TRUE,TRUE,NA
"4","HR",1,"HRIR42FL.DTA",NA,NA,NA,NA,NA,NA,NA,NA,NA,NA,NA,NA,TRUE,TRUE,NA,NA,NA,TRUE,NA,NA,NA,NA,NA,NA,NA,NA,TRUE,TRUE,NA
"4","HT",1,"HTIR42FL.dta",TRUE,TRUE,TRUE,TRUE,TRUE,TRUE,TRUE,TRUE,TRUE,TRUE,TRUE,TRUE,TRUE,TRUE,TRUE,TRUE,NA,TRUE,TRUE,TRUE,TRUE,TRUE,TRUE,TRUE,TRUE,TRUE,TRUE,TRUE,"HTGE42FL.shp"
"4","IA",1,"IAIR42FL.DTA",NA,NA,NA,NA,NA,NA,NA,NA,NA,NA,NA,NA,TRUE,TRUE,NA,NA,NA,TRUE,NA,NA,NA,NA,NA,NA,NA,NA,TRUE,TRUE,NA
"4","ID",1,"IDIR42FL.DTA",NA,NA,NA,NA,NA,NA,NA,NA,NA,NA,NA,NA,TRUE,TRUE,TRUE,NA,NA,TRUE,TRUE,TRUE,TRUE,TRUE,TRUE,TRUE,TRUE,TRUE,TRUE,TRUE,"IDGE43FL.shp"
"4","JM",1,"JMIR42FL.DTA",NA,NA,NA,NA,NA,NA,NA,NA,NA,NA,NA,NA,TRUE,TRUE,NA,NA,NA,TRUE,NA,NA,NA,NA,NA,NA,NA,NA,TRUE,TRUE,NA
"4","JO",1,"JOIR42FL.DTA",NA,NA,NA,NA,NA,NA,NA,NA,NA,NA,NA,NA,TRUE,TRUE,TRUE,NA,NA,TRUE,TRUE,TRUE,TRUE,TRUE,TRUE,TRUE,TRUE,TRUE,TRUE,TRUE,"JOGE43FL.shp"
"4","KE",1,"KEIR42FL.DTA",TRUE,TRUE,TRUE,TRUE,TRUE,TRUE,TRUE,TRUE,TRUE,TRUE,TRUE,TRUE,TRUE,TRUE,TRUE,TRUE,NA,TRUE,TRUE,TRUE,TRUE,TRUE,TRUE,TRUE,TRUE,TRUE,TRUE,TRUE,"KEGE43FL.shp"
"4","KH",1,"KHIR42FL.dta",TRUE,TRUE,TRUE,TRUE,TRUE,TRUE,TRUE,TRUE,TRUE,TRUE,TRUE,TRUE,TRUE,TRUE,TRUE,TRUE,NA,TRUE,TRUE,TRUE,TRUE,TRUE,TRUE,TRUE,TRUE,TRUE,TRUE,TRUE,"KHGE43FL.shp"
"4","KK",1,"KKIR42FL.DTA",NA,NA,NA,NA,NA,NA,NA,NA,NA,NA,NA,NA,TRUE,TRUE,NA,NA,NA,TRUE,NA,NA,NA,NA,NA,NA,NA,NA,TRUE,TRUE,NA
"4","LS",1,"LSIR41FL.dta",TRUE,TRUE,TRUE,TRUE,TRUE,TRUE,TRUE,TRUE,TRUE,TRUE,TRUE,TRUE,TRUE,TRUE,TRUE,TRUE,NA,TRUE,TRUE,TRUE,TRUE,TRUE,TRUE,TRUE,TRUE,TRUE,TRUE,TRUE,"LSGE42FL.shp"
"4","MA",1,"MAIR43FL.dta",NA,NA,NA,NA,NA,NA,NA,NA,NA,NA,NA,NA,TRUE,TRUE,TRUE,NA,NA,TRUE,TRUE,TRUE,TRUE,TRUE,TRUE,TRUE,TRUE,TRUE,TRUE,TRUE,"MAGE43FL.shp"
"4","MD",1,"MDIR42FL.DTA",NA,NA,NA,NA,NA,NA,NA,NA,NA,NA,NA,NA,TRUE,TRUE,TRUE,NA,NA,TRUE,TRUE,TRUE,TRUE,TRUE,TRUE,TRUE,TRUE,TRUE,TRUE,TRUE,NA
"4","MG",1,"MGIR42FL.DTA",NA,NA,NA,NA,NA,NA,NA,NA,NA,NA,NA,NA,TRUE,TRUE,NA,NA,NA,TRUE,NA,NA,NA,NA,NA,NA,NA,NA,TRUE,TRUE,NA
"4","MH",1,"MHIR42FL.DTA",NA,NA,NA,NA,NA,NA,NA,NA,NA,NA,NA,NA,TRUE,TRUE,NA,NA,NA,TRUE,NA,NA,NA,NA,NA,NA,NA,NA,TRUE,TRUE,NA
"4","ML",1,"MLIR41FL.DTA",NA,NA,NA,NA,NA,NA,NA,NA,NA,NA,NA,NA,TRUE,TRUE,TRUE,NA,NA,TRUE,TRUE,TRUE,TRUE,TRUE,TRUE,TRUE,TRUE,TRUE,TRUE,TRUE,"MLGE42FL.shp"
"4","MN",1,"MNIR42FL.DTA",NA,NA,NA,NA,NA,NA,NA,NA,NA,NA,NA,NA,TRUE,TRUE,NA,NA,NA,TRUE,NA,NA,NA,NA,NA,NA,NA,NA,TRUE,TRUE,NA
"4","MP",1,"MPIR42FL.DTA",NA,NA,NA,NA,NA,NA,NA,NA,NA,NA,NA,NA,TRUE,TRUE,NA,NA,NA,TRUE,NA,NA,NA,NA,NA,NA,NA,NA,TRUE,TRUE,NA
"4","MW",1,"MWIR41FL.DTA",NA,NA,NA,NA,NA,NA,NA,NA,NA,NA,NA,NA,TRUE,TRUE,TRUE,NA,NA,TRUE,TRUE,TRUE,TRUE,TRUE,TRUE,TRUE,TRUE,TRUE,TRUE,TRUE,"MWGE43FL.shp"
"4","MW",2,"MWIR4EFL.DTA",TRUE,TRUE,TRUE,TRUE,TRUE,TRUE,TRUE,TRUE,TRUE,TRUE,TRUE,TRUE,TRUE,TRUE,TRUE,TRUE,NA,TRUE,TRUE,TRUE,TRUE,TRUE,TRUE,TRUE,TRUE,TRUE,TRUE,TRUE,"MWGE4BFL.shp"
"4","MZ",1,"MZIR41FL.DTA",NA,NA,NA,NA,NA,NA,NA,NA,NA,NA,NA,NA,TRUE,TRUE,TRUE,NA,NA,TRUE,TRUE,TRUE,TRUE,TRUE,TRUE,TRUE,TRUE,TRUE,TRUE,TRUE,NA
"4","MZ",1,"MZIR42FL.DTA",NA,NA,NA,NA,NA,NA,NA,NA,NA,NA,NA,NA,TRUE,TRUE,NA,NA,NA,TRUE,NA,NA,NA,NA,NA,NA,NA,NA,TRUE,TRUE,NA
"4",NA,1,"NAIR42FL.DTA",NA,NA,NA,NA,NA,NA,NA,NA,NA,NA,NA,NA,TRUE,TRUE,NA,NA,NA,TRUE,NA,NA,NA,NA,NA,NA,NA,NA,TRUE,TRUE,NA
"4","NC",1,"NCIR41FL.DTA",NA,NA,NA,NA,NA,NA,NA,NA,NA,NA,NA,NA,TRUE,TRUE,TRUE,NA,NA,TRUE,TRUE,TRUE,TRUE,TRUE,TRUE,TRUE,TRUE,TRUE,TRUE,TRUE,NA
"4","NG",2,"NGIR4BFL.DTA",NA,NA,NA,NA,NA,NA,NA,NA,NA,NA,NA,NA,TRUE,TRUE,TRUE,NA,NA,TRUE,TRUE,TRUE,TRUE,TRUE,TRUE,TRUE,TRUE,TRUE,TRUE,TRUE,"NGGE4BFL.shp"
"4","NM",1,"NMIR41FL.DTA",NA,NA,NA,NA,NA,NA,NA,NA,NA,NA,NA,NA,TRUE,TRUE,TRUE,NA,NA,TRUE,TRUE,TRUE,TRUE,TRUE,TRUE,TRUE,TRUE,TRUE,TRUE,TRUE,"NMGE42FL.shp"
"4","NP",1,"NPIR41FL.DTA",NA,NA,NA,NA,NA,NA,NA,NA,NA,NA,NA,NA,TRUE,TRUE,TRUE,NA,NA,TRUE,TRUE,TRUE,TRUE,TRUE,TRUE,TRUE,TRUE,TRUE,TRUE,TRUE,"NPGE42FL.shp"
"4","OR",1,"ORIR42FL.DTA",NA,NA,NA,NA,NA,NA,NA,NA,NA,NA,NA,NA,TRUE,TRUE,NA,NA,NA,TRUE,NA,NA,NA,NA,NA,NA,NA,NA,TRUE,TRUE,NA
"4","PE",1,"PEIR41FL.DTA",TRUE,TRUE,TRUE,TRUE,TRUE,TRUE,TRUE,TRUE,TRUE,TRUE,TRUE,TRUE,TRUE,TRUE,TRUE,TRUE,NA,TRUE,TRUE,TRUE,TRUE,TRUE,TRUE,TRUE,TRUE,TRUE,TRUE,TRUE,"PEGE44FL.shp"
"4","PH",1,"PHIR41FL.DTA",NA,NA,NA,NA,NA,NA,NA,NA,NA,NA,NA,NA,TRUE,TRUE,TRUE,NA,NA,TRUE,TRUE,TRUE,TRUE,TRUE,TRUE,TRUE,TRUE,TRUE,TRUE,TRUE,"PHGE43FL.shp"
"4","PJ",1,"PJIR42FL.DTA",NA,NA,NA,NA,NA,NA,NA,NA,NA,NA,NA,NA,TRUE,TRUE,NA,NA,NA,TRUE,NA,NA,NA,NA,NA,NA,NA,NA,TRUE,TRUE,NA
"4","RJ",1,"RJIR42FL.DTA",NA,NA,NA,NA,NA,NA,NA,NA,NA,NA,NA,NA,TRUE,TRUE,NA,NA,NA,TRUE,NA,NA,NA,NA,NA,NA,NA,NA,TRUE,TRUE,NA
"4","RW",1,"RWIR41FL.DTA",NA,NA,NA,NA,NA,NA,NA,NA,NA,NA,NA,NA,TRUE,TRUE,TRUE,NA,NA,TRUE,TRUE,TRUE,TRUE,TRUE,TRUE,TRUE,TRUE,TRUE,TRUE,TRUE,NA
"4","SK",1,"SKIR42FL.DTA",NA,NA,NA,NA,NA,NA,NA,NA,NA,NA,NA,NA,TRUE,TRUE,NA,NA,NA,TRUE,NA,NA,NA,NA,NA,NA,NA,NA,TRUE,TRUE,NA
"4","SN",2,"SNIR4HFL.dta",TRUE,TRUE,TRUE,TRUE,TRUE,TRUE,TRUE,TRUE,TRUE,TRUE,TRUE,TRUE,TRUE,TRUE,TRUE,TRUE,NA,TRUE,TRUE,TRUE,TRUE,TRUE,TRUE,TRUE,TRUE,TRUE,TRUE,TRUE,"SNGE4BFL.shp"
"4","TD",1,"TDIR41FL.DTA",TRUE,TRUE,TRUE,TRUE,TRUE,TRUE,TRUE,TRUE,TRUE,TRUE,TRUE,TRUE,TRUE,TRUE,TRUE,TRUE,NA,TRUE,TRUE,TRUE,TRUE,TRUE,TRUE,TRUE,TRUE,TRUE,TRUE,TRUE,NA
"4","TN",1,"TNIR42FL.DTA",NA,NA,NA,NA,NA,NA,NA,NA,NA,NA,NA,NA,TRUE,TRUE,NA,NA,NA,TRUE,NA,NA,NA,NA,NA,NA,NA,NA,TRUE,TRUE,NA
"4","TR",1,"TRIR41FL.DTA",NA,NA,NA,NA,NA,NA,NA,NA,NA,NA,NA,NA,NA,NA,NA,NA,NA,NA,NA,NA,NA,NA,NA,NA,NA,NA,NA,NA,NA
"4","TR",1,"TRIR42FL.DTA",NA,NA,NA,NA,NA,NA,NA,NA,NA,NA,NA,NA,TRUE,TRUE,NA,NA,NA,TRUE,NA,NA,NA,NA,NA,NA,NA,NA,TRUE,TRUE,NA
"4","TR",2,"TRIR4AFL.DTA",TRUE,TRUE,TRUE,TRUE,TRUE,TRUE,TRUE,TRUE,TRUE,TRUE,TRUE,TRUE,TRUE,TRUE,TRUE,TRUE,NA,TRUE,TRUE,TRUE,TRUE,TRUE,TRUE,TRUE,TRUE,TRUE,TRUE,TRUE,NA
"4","TZ",1,"TZIR41FL.DTA",NA,NA,NA,NA,NA,NA,NA,NA,NA,NA,NA,NA,TRUE,TRUE,NA,NA,NA,TRUE,NA,NA,NA,NA,NA,NA,NA,NA,TRUE,TRUE,"TZGE43FL.shp"
"4","TZ",2,"tzir4afl.dta",NA,NA,NA,NA,NA,NA,NA,NA,NA,NA,NA,NA,TRUE,TRUE,NA,NA,NA,TRUE,NA,NA,NA,NA,NA,NA,NA,NA,TRUE,TRUE,"TZGE4CFL.shp"
"4","TZ",3,"TZIR4IFL.DTA",NA,NA,NA,NA,NA,NA,NA,NA,NA,NA,NA,NA,TRUE,TRUE,TRUE,NA,NA,TRUE,TRUE,TRUE,TRUE,TRUE,TRUE,TRUE,TRUE,TRUE,TRUE,TRUE,NA
"4","UG",1,"UGIR41FL.DTA",NA,NA,NA,NA,NA,NA,NA,NA,NA,NA,NA,NA,TRUE,TRUE,TRUE,NA,NA,TRUE,TRUE,TRUE,TRUE,TRUE,TRUE,TRUE,TRUE,TRUE,TRUE,TRUE,"UGGE43FL.shp"
"4","UP",1,"UPIR42FL.DTA",NA,NA,NA,NA,NA,NA,NA,NA,NA,NA,NA,NA,TRUE,TRUE,NA,NA,NA,TRUE,NA,NA,NA,NA,NA,NA,NA,NA,TRUE,TRUE,NA
"4","UZ",1,NA,NA,NA,NA,NA,NA,NA,NA,NA,NA,NA,NA,NA,NA,NA,NA,NA,NA,NA,NA,NA,NA,NA,NA,NA,NA,NA,NA,NA,"UZGE42FL.shp"
"4","VN",1,"VNIR41FL.DTA",NA,NA,NA,NA,NA,NA,NA,NA,NA,NA,NA,NA,TRUE,TRUE,NA,NA,NA,TRUE,NA,NA,NA,NA,NA,NA,NA,NA,TRUE,TRUE,NA
"4","WB",1,"WBIR42FL.DTA",NA,NA,NA,NA,NA,NA,NA,NA,NA,NA,NA,NA,TRUE,TRUE,NA,NA,NA,TRUE,NA,NA,NA,NA,NA,NA,NA,NA,TRUE,TRUE,NA
"4","ZM",1,"ZMIR42FL.DTA",NA,NA,NA,NA,NA,NA,NA,NA,NA,NA,NA,NA,TRUE,TRUE,TRUE,NA,NA,TRUE,TRUE,TRUE,TRUE,TRUE,TRUE,TRUE,TRUE,TRUE,TRUE,TRUE,NA
"4","ZW",1,"ZWIR42FL.DTA",NA,NA,NA,NA,NA,NA,NA,NA,NA,NA,NA,NA,TRUE,TRUE,TRUE,NA,NA,TRUE,TRUE,TRUE,TRUE,TRUE,TRUE,TRUE,TRUE,TRUE,TRUE,TRUE,"ZWGE42FL.shp"
"5","AL",1,"ALIR50FL.DTA",NA,NA,NA,NA,NA,NA,NA,NA,NA,NA,NA,NA,TRUE,TRUE,TRUE,NA,NA,TRUE,TRUE,TRUE,TRUE,TRUE,TRUE,TRUE,TRUE,TRUE,TRUE,TRUE,"ALGE51FL.shp"
"5","AM",1,"AMIR54FL.dta",NA,NA,NA,NA,NA,NA,NA,NA,NA,NA,NA,NA,TRUE,TRUE,TRUE,NA,NA,TRUE,TRUE,TRUE,TRUE,TRUE,TRUE,TRUE,TRUE,TRUE,TRUE,TRUE,NA
"5","AO",1,"AOIR51FL.DTA",NA,NA,NA,NA,NA,NA,NA,NA,NA,NA,NA,NA,TRUE,TRUE,TRUE,NA,NA,TRUE,TRUE,TRUE,TRUE,TRUE,TRUE,TRUE,TRUE,TRUE,TRUE,TRUE,"AOGE52FL.shp"
"5","AZ",1,"AZIR52FL.DTA",TRUE,TRUE,TRUE,TRUE,TRUE,TRUE,TRUE,TRUE,TRUE,TRUE,TRUE,TRUE,TRUE,TRUE,TRUE,TRUE,TRUE,TRUE,TRUE,TRUE,TRUE,TRUE,TRUE,TRUE,TRUE,TRUE,TRUE,TRUE,NA
"5","BD",1,"BDIR51FL.DTA",TRUE,TRUE,TRUE,TRUE,TRUE,TRUE,TRUE,TRUE,TRUE,TRUE,TRUE,TRUE,TRUE,TRUE,TRUE,TRUE,TRUE,TRUE,TRUE,TRUE,TRUE,TRUE,TRUE,TRUE,TRUE,TRUE,TRUE,TRUE,"BDGE52FL.shp"
"5","BJ",1,"BJIR51FL.DTA",NA,NA,NA,NA,NA,NA,NA,NA,NA,NA,NA,NA,TRUE,TRUE,TRUE,NA,NA,TRUE,TRUE,TRUE,TRUE,TRUE,TRUE,TRUE,TRUE,TRUE,TRUE,TRUE,NA
"5","BO",1,"BOIR51FL.DTA",NA,NA,NA,NA,NA,NA,NA,NA,NA,NA,NA,NA,TRUE,TRUE,TRUE,NA,NA,TRUE,TRUE,TRUE,TRUE,TRUE,TRUE,TRUE,TRUE,TRUE,TRUE,TRUE,"BOGE53FL.shp"
"5","CD",1,"cdir50fl.dta",TRUE,TRUE,TRUE,TRUE,TRUE,TRUE,TRUE,TRUE,TRUE,TRUE,TRUE,TRUE,TRUE,TRUE,TRUE,TRUE,TRUE,TRUE,TRUE,TRUE,TRUE,TRUE,TRUE,TRUE,TRUE,TRUE,TRUE,TRUE,"CDGE52FL.shp"
"5","CG",1,"CGIR51FL.DTA",NA,NA,NA,NA,NA,NA,NA,NA,NA,NA,NA,NA,TRUE,TRUE,TRUE,NA,NA,TRUE,TRUE,TRUE,TRUE,TRUE,TRUE,TRUE,TRUE,TRUE,TRUE,TRUE,NA
"5","CG",2,"CGIR5HFL.DTA",NA,NA,NA,NA,NA,NA,NA,NA,NA,NA,NA,NA,TRUE,TRUE,TRUE,NA,NA,TRUE,NA,NA,NA,NA,NA,NA,NA,NA,TRUE,TRUE,NA
"5","CI",1,"CIIR50FL.dta",NA,NA,NA,NA,NA,NA,NA,NA,NA,NA,NA,NA,TRUE,TRUE,NA,NA,NA,TRUE,NA,NA,NA,NA,NA,NA,NA,NA,TRUE,TRUE,NA
"5","CO",1,"COIR53FL.DTA",TRUE,TRUE,TRUE,TRUE,TRUE,TRUE,TRUE,TRUE,TRUE,TRUE,TRUE,TRUE,TRUE,TRUE,TRUE,TRUE,NA,TRUE,TRUE,TRUE,TRUE,TRUE,TRUE,TRUE,TRUE,TRUE,TRUE,TRUE,NA
"5","DR",1,"DRIR52FL.DTA",TRUE,TRUE,TRUE,TRUE,TRUE,TRUE,TRUE,TRUE,TRUE,TRUE,TRUE,TRUE,TRUE,TRUE,TRUE,TRUE,TRUE,TRUE,TRUE,TRUE,TRUE,TRUE,TRUE,TRUE,TRUE,TRUE,TRUE,TRUE,"DRGE52FL.shp"
"5","DR",2,"DRIR5AFL.DTA",TRUE,TRUE,TRUE,TRUE,TRUE,TRUE,TRUE,TRUE,TRUE,TRUE,TRUE,TRUE,TRUE,TRUE,TRUE,TRUE,TRUE,TRUE,TRUE,TRUE,TRUE,TRUE,TRUE,TRUE,TRUE,TRUE,TRUE,TRUE,NA
"5","EG",1,"EGIR51FL.DTA",NA,NA,NA,NA,NA,NA,NA,NA,NA,NA,NA,NA,TRUE,TRUE,TRUE,NA,NA,TRUE,TRUE,TRUE,TRUE,TRUE,TRUE,TRUE,TRUE,TRUE,TRUE,TRUE,"EGGE52FL.shp"
"5","EG",2,"EGIR5AFL.DTA",NA,NA,NA,NA,NA,NA,NA,NA,NA,NA,NA,NA,TRUE,TRUE,TRUE,NA,NA,TRUE,TRUE,TRUE,TRUE,TRUE,TRUE,TRUE,TRUE,TRUE,TRUE,TRUE,"EGGE5DFL.shp"
"5","ET",1,"ETIR51FL.DTA",NA,NA,NA,NA,NA,NA,NA,NA,NA,NA,NA,NA,TRUE,TRUE,TRUE,NA,NA,TRUE,TRUE,TRUE,TRUE,TRUE,TRUE,TRUE,TRUE,TRUE,TRUE,TRUE,"ETGE52FL.shp"
"5","GH",2,"GHIR5AFL.DTA",TRUE,TRUE,TRUE,TRUE,TRUE,TRUE,TRUE,TRUE,TRUE,TRUE,TRUE,TRUE,TRUE,TRUE,TRUE,TRUE,TRUE,TRUE,TRUE,TRUE,TRUE,TRUE,TRUE,TRUE,TRUE,TRUE,TRUE,TRUE,"GHGE5AFL.shp"
"5","GN",1,"gnir52fl.dta",NA,NA,NA,NA,NA,NA,NA,NA,NA,NA,NA,NA,TRUE,TRUE,TRUE,NA,NA,TRUE,TRUE,TRUE,TRUE,TRUE,TRUE,TRUE,TRUE,TRUE,TRUE,TRUE,"GNGE52FL.shp"
"5","GY",1,"GYIR51FL.DTA",NA,NA,NA,NA,NA,NA,NA,NA,NA,NA,NA,NA,TRUE,TRUE,NA,NA,NA,TRUE,NA,NA,NA,NA,NA,NA,NA,NA,TRUE,TRUE,NA
"5","GY",3,"GYIR5IFL.DTA",NA,NA,NA,NA,NA,NA,NA,NA,NA,NA,NA,NA,TRUE,TRUE,TRUE,NA,NA,TRUE,TRUE,TRUE,TRUE,TRUE,TRUE,TRUE,TRUE,TRUE,TRUE,TRUE,"GYGE5JFL.shp"
"5","HN",1,"HNIR52FL.DTA",TRUE,TRUE,TRUE,TRUE,TRUE,TRUE,TRUE,TRUE,TRUE,TRUE,TRUE,TRUE,TRUE,TRUE,TRUE,TRUE,TRUE,TRUE,TRUE,TRUE,TRUE,TRUE,TRUE,TRUE,TRUE,TRUE,TRUE,TRUE,NA
"5","HT",1,"HTIR52FL.DTA",TRUE,TRUE,TRUE,TRUE,TRUE,TRUE,TRUE,TRUE,TRUE,TRUE,TRUE,TRUE,TRUE,TRUE,TRUE,TRUE,TRUE,TRUE,TRUE,TRUE,TRUE,TRUE,TRUE,TRUE,TRUE,TRUE,TRUE,TRUE,"HTGE52FL.shp"
"5","ID",1,"IDIR51FL.DTA",NA,NA,NA,NA,NA,NA,NA,NA,NA,NA,NA,NA,TRUE,TRUE,TRUE,NA,NA,TRUE,TRUE,TRUE,TRUE,TRUE,TRUE,TRUE,TRUE,TRUE,TRUE,TRUE,NA
"5","JO",1,"JOIR51FL.DTA",TRUE,TRUE,TRUE,TRUE,TRUE,TRUE,TRUE,TRUE,TRUE,TRUE,TRUE,TRUE,TRUE,TRUE,TRUE,TRUE,TRUE,TRUE,TRUE,TRUE,TRUE,TRUE,TRUE,TRUE,TRUE,TRUE,TRUE,TRUE,"JOGE52FL.shp"
"5","KE",1,"KEIR52FL.DTA",TRUE,TRUE,TRUE,TRUE,TRUE,TRUE,TRUE,TRUE,TRUE,TRUE,TRUE,TRUE,TRUE,TRUE,TRUE,TRUE,TRUE,TRUE,TRUE,TRUE,TRUE,TRUE,TRUE,TRUE,TRUE,TRUE,TRUE,TRUE,"KEGE52FL.shp"
"5","KH",1,"KHIR51FL.DTA",TRUE,TRUE,TRUE,TRUE,TRUE,TRUE,TRUE,TRUE,TRUE,TRUE,TRUE,TRUE,TRUE,TRUE,TRUE,TRUE,TRUE,TRUE,TRUE,TRUE,TRUE,TRUE,TRUE,TRUE,TRUE,TRUE,TRUE,TRUE,"KHGE51FL.shp"
"5","LB",1,"LBIR51FL.DTA",TRUE,TRUE,TRUE,TRUE,TRUE,TRUE,TRUE,TRUE,TRUE,TRUE,TRUE,TRUE,TRUE,TRUE,TRUE,TRUE,TRUE,TRUE,TRUE,TRUE,TRUE,TRUE,TRUE,TRUE,TRUE,TRUE,TRUE,TRUE,"LBGE52FL.shp"
"5","LB",2,"LBIR5AFL.DTA",NA,NA,NA,NA,NA,NA,NA,NA,NA,NA,NA,NA,NA,NA,TRUE,NA,NA,TRUE,NA,NA,NA,NA,NA,NA,NA,NA,NA,NA,"LBGE5CFL.shp"
"5","MB",1,"MBIR53FL.DTA",TRUE,TRUE,TRUE,TRUE,TRUE,TRUE,TRUE,TRUE,TRUE,TRUE,TRUE,TRUE,TRUE,TRUE,TRUE,TRUE,NA,TRUE,TRUE,TRUE,TRUE,TRUE,TRUE,TRUE,TRUE,TRUE,TRUE,TRUE,"MBGE52FL.shp"
"5","MD",1,"MDIR51FL.DTA",NA,NA,NA,NA,NA,NA,NA,NA,NA,NA,NA,NA,TRUE,TRUE,TRUE,NA,NA,TRUE,TRUE,TRUE,TRUE,TRUE,TRUE,TRUE,TRUE,TRUE,TRUE,TRUE,"MDGE53FL.shp"
"5","ML",1,"MLIR53FL.DTA",TRUE,TRUE,TRUE,TRUE,TRUE,TRUE,TRUE,TRUE,TRUE,TRUE,TRUE,TRUE,TRUE,TRUE,TRUE,TRUE,NA,TRUE,TRUE,TRUE,TRUE,TRUE,TRUE,TRUE,TRUE,TRUE,TRUE,TRUE,"MLGE52FL.shp"
"5","MV",1,"MVIR52FL.DTA",NA,NA,NA,NA,NA,NA,NA,NA,NA,NA,NA,NA,TRUE,TRUE,TRUE,NA,NA,TRUE,TRUE,TRUE,TRUE,TRUE,TRUE,TRUE,TRUE,TRUE,TRUE,TRUE,NA
"5","MZ",1,"MZIR51FL.DTA",NA,NA,NA,NA,NA,NA,NA,NA,NA,NA,NA,NA,TRUE,TRUE,TRUE,NA,NA,TRUE,NA,NA,NA,NA,NA,NA,NA,NA,TRUE,TRUE,"MZGE52FL.shp"
"5","NG",1,"NGIR53FL.DTA",TRUE,TRUE,TRUE,TRUE,TRUE,TRUE,TRUE,TRUE,TRUE,TRUE,TRUE,TRUE,TRUE,TRUE,TRUE,TRUE,TRUE,TRUE,TRUE,TRUE,TRUE,TRUE,TRUE,TRUE,TRUE,TRUE,TRUE,TRUE,"NGGE52FL.shp"
"5","NI",1,"NIIR51FL.DTA",NA,NA,NA,NA,NA,NA,NA,NA,NA,NA,NA,NA,TRUE,TRUE,TRUE,NA,NA,TRUE,TRUE,TRUE,TRUE,TRUE,TRUE,TRUE,TRUE,TRUE,TRUE,TRUE,NA
"5","NM",1,"nmir51fl.dta",NA,NA,NA,NA,NA,NA,NA,NA,NA,NA,NA,NA,TRUE,TRUE,TRUE,NA,NA,TRUE,TRUE,TRUE,TRUE,TRUE,TRUE,TRUE,TRUE,TRUE,TRUE,TRUE,"NMGE53FL.shp"
"5","NP",1,"NPIR51FL.dta",NA,NA,NA,NA,NA,NA,NA,NA,NA,NA,NA,NA,TRUE,TRUE,TRUE,NA,NA,TRUE,TRUE,TRUE,TRUE,TRUE,TRUE,TRUE,TRUE,TRUE,TRUE,TRUE,"NPGE53FL.shp"
"5","PE",1,"PEIR51FL.DTA",TRUE,TRUE,TRUE,TRUE,TRUE,TRUE,TRUE,TRUE,TRUE,TRUE,TRUE,TRUE,TRUE,TRUE,TRUE,TRUE,TRUE,TRUE,TRUE,TRUE,TRUE,TRUE,TRUE,TRUE,TRUE,TRUE,TRUE,TRUE,"PEGE52FL.shp"
"5","PE",3,"PEIR5IFL.DTA",TRUE,TRUE,TRUE,TRUE,TRUE,TRUE,TRUE,TRUE,TRUE,TRUE,TRUE,TRUE,TRUE,TRUE,TRUE,TRUE,TRUE,TRUE,TRUE,TRUE,TRUE,TRUE,TRUE,TRUE,TRUE,TRUE,TRUE,TRUE,"PEGE5IFL.shp"
"5","PH",1,"PHIR52FL.DTA",TRUE,TRUE,TRUE,TRUE,TRUE,TRUE,TRUE,TRUE,TRUE,TRUE,TRUE,TRUE,TRUE,TRUE,TRUE,TRUE,TRUE,TRUE,TRUE,TRUE,TRUE,TRUE,TRUE,TRUE,TRUE,TRUE,TRUE,TRUE,"PHGE52FL.shp"
"5","PK",1,"pkir52fl.dta",NA,NA,NA,NA,NA,NA,NA,NA,NA,NA,NA,NA,TRUE,TRUE,TRUE,NA,NA,TRUE,TRUE,TRUE,TRUE,TRUE,TRUE,TRUE,TRUE,TRUE,TRUE,TRUE,"PKGE51FL.shp"
"5","RW",1,"RWIR53FL.DTA",TRUE,TRUE,TRUE,TRUE,TRUE,TRUE,TRUE,TRUE,TRUE,TRUE,TRUE,TRUE,TRUE,TRUE,TRUE,TRUE,NA,TRUE,TRUE,TRUE,TRUE,TRUE,TRUE,TRUE,TRUE,TRUE,TRUE,TRUE,"RWGE54FL.shp"
"5","RW",2,"RWIR5AFL.DTA",NA,NA,NA,NA,NA,NA,NA,NA,NA,NA,NA,NA,TRUE,TRUE,TRUE,NA,NA,TRUE,TRUE,TRUE,TRUE,TRUE,TRUE,TRUE,TRUE,TRUE,TRUE,TRUE,"RWGE5BFL.shp"
"5","SL",1,"SLIR51FL.DTA",NA,NA,NA,NA,NA,NA,NA,NA,NA,NA,NA,NA,TRUE,TRUE,TRUE,NA,NA,TRUE,TRUE,TRUE,TRUE,TRUE,TRUE,TRUE,TRUE,TRUE,TRUE,TRUE,"SLGE53FL.shp"
"5","SN",1,"SNIR50FL.DTA",NA,NA,NA,NA,NA,NA,NA,NA,NA,NA,NA,NA,NA,NA,NA,NA,NA,TRUE,NA,NA,NA,NA,NA,NA,NA,NA,NA,NA,NA
"5","SN",2,"SNIR5HFL.DTA",NA,NA,NA,NA,NA,NA,NA,NA,NA,NA,NA,NA,NA,NA,TRUE,NA,NA,TRUE,NA,NA,NA,NA,NA,NA,NA,NA,NA,NA,"SNGE5AFL.shp"
"5","ST",1,"STIR50FL.DTA",TRUE,TRUE,TRUE,TRUE,TRUE,TRUE,TRUE,TRUE,TRUE,TRUE,TRUE,TRUE,TRUE,TRUE,TRUE,TRUE,TRUE,TRUE,TRUE,TRUE,TRUE,TRUE,TRUE,TRUE,TRUE,TRUE,TRUE,TRUE,NA
"5","SZ",1,"szir51fl.dta",NA,NA,NA,NA,NA,NA,NA,NA,NA,NA,NA,NA,TRUE,TRUE,TRUE,NA,NA,TRUE,TRUE,TRUE,TRUE,TRUE,TRUE,TRUE,TRUE,TRUE,TRUE,TRUE,"SZGE53FL.shp"
"5","TR",1,"TRIR51FL.DTA",NA,NA,NA,NA,NA,NA,NA,NA,NA,NA,NA,NA,TRUE,TRUE,TRUE,NA,NA,TRUE,TRUE,TRUE,TRUE,TRUE,TRUE,TRUE,TRUE,TRUE,TRUE,TRUE,NA
"5","TZ",1,"TZIR51FL.DTA",NA,NA,NA,NA,NA,NA,NA,NA,NA,NA,NA,NA,TRUE,TRUE,TRUE,NA,NA,TRUE,TRUE,TRUE,TRUE,TRUE,TRUE,TRUE,TRUE,TRUE,TRUE,TRUE,"TZGE52FL.shp"
"5","UA",1,"UAIR51FL.DTA",TRUE,TRUE,TRUE,TRUE,TRUE,TRUE,TRUE,TRUE,TRUE,TRUE,TRUE,TRUE,TRUE,TRUE,TRUE,TRUE,TRUE,TRUE,TRUE,TRUE,TRUE,TRUE,TRUE,TRUE,TRUE,TRUE,TRUE,TRUE,NA
"5","UG",1,"UGIR52FL.DTA",TRUE,TRUE,TRUE,TRUE,TRUE,TRUE,TRUE,TRUE,TRUE,TRUE,TRUE,TRUE,TRUE,TRUE,TRUE,TRUE,TRUE,TRUE,TRUE,TRUE,TRUE,TRUE,TRUE,TRUE,TRUE,TRUE,TRUE,TRUE,"UGGE53FL.shp"
"5","UG",2,"UGIR5HFL.DTA",NA,NA,NA,NA,NA,NA,NA,NA,NA,NA,NA,NA,NA,NA,TRUE,NA,NA,TRUE,NA,NA,NA,NA,NA,NA,NA,NA,NA,NA,"UGGE5AFL.shp"
"5","VN",1,"VNIR52FL.DTA",NA,NA,NA,NA,NA,NA,NA,NA,NA,NA,NA,NA,TRUE,TRUE,NA,NA,NA,TRUE,NA,NA,NA,NA,NA,NA,NA,NA,TRUE,TRUE,NA
"5","ZM",1,"ZMIR51FL.DTA",TRUE,TRUE,TRUE,TRUE,TRUE,TRUE,TRUE,TRUE,TRUE,TRUE,TRUE,TRUE,TRUE,TRUE,TRUE,TRUE,TRUE,TRUE,TRUE,TRUE,TRUE,TRUE,TRUE,TRUE,TRUE,TRUE,TRUE,TRUE,"ZMGE52FL.shp"
"5","ZW",1,"ZWIR52FL.DTA",TRUE,TRUE,TRUE,TRUE,TRUE,TRUE,TRUE,TRUE,TRUE,TRUE,TRUE,TRUE,TRUE,TRUE,TRUE,TRUE,TRUE,TRUE,TRUE,TRUE,TRUE,TRUE,TRUE,TRUE,TRUE,TRUE,TRUE,TRUE,"ZWGE52FL.shp"
"6","AM",1,"AMIR61FL.DTA",NA,NA,NA,NA,NA,NA,NA,NA,NA,NA,NA,NA,TRUE,TRUE,TRUE,NA,NA,TRUE,TRUE,TRUE,TRUE,TRUE,TRUE,TRUE,TRUE,TRUE,TRUE,TRUE,"AMGE61FL.shp"
"6","AO",1,"AOIR62FL.DTA",NA,NA,NA,NA,NA,NA,NA,NA,NA,NA,NA,NA,NA,NA,TRUE,NA,NA,TRUE,NA,NA,NA,NA,NA,NA,NA,NA,NA,NA,"AOGE61FL.shp"
"6","BD",1,"BDIR61FL.DTA",NA,NA,NA,NA,NA,NA,NA,NA,NA,NA,NA,NA,TRUE,TRUE,TRUE,NA,NA,TRUE,TRUE,TRUE,TRUE,TRUE,TRUE,TRUE,TRUE,TRUE,TRUE,TRUE,"BDGE61FL.shp"
"6","BF",1,"BFIR62FL.DTA",TRUE,TRUE,TRUE,TRUE,TRUE,TRUE,TRUE,TRUE,TRUE,TRUE,TRUE,TRUE,TRUE,TRUE,TRUE,TRUE,TRUE,TRUE,TRUE,TRUE,TRUE,TRUE,TRUE,TRUE,TRUE,TRUE,TRUE,TRUE,"BFGE61FL.shp"
"6","BJ",1,"BJIR61FL.DTA",NA,NA,NA,NA,NA,NA,NA,NA,NA,NA,NA,NA,TRUE,TRUE,TRUE,NA,NA,TRUE,TRUE,TRUE,TRUE,TRUE,TRUE,TRUE,TRUE,TRUE,TRUE,TRUE,"BJGE61FL.shp"
"6","BU",1,"BUIR61FL.DTA",NA,NA,NA,NA,NA,NA,NA,NA,NA,NA,NA,NA,TRUE,TRUE,TRUE,NA,NA,TRUE,TRUE,TRUE,TRUE,TRUE,TRUE,TRUE,TRUE,TRUE,TRUE,TRUE,"BUGE61FL.shp"
"6","BU",2,"BUIR6HFL.DTA",NA,NA,NA,NA,NA,NA,NA,NA,NA,NA,NA,NA,NA,NA,TRUE,NA,NA,TRUE,NA,NA,NA,NA,NA,NA,NA,NA,NA,NA,"BUGE6AFL.shp"
"6","CD",1,"CDIR61FL.DTA",TRUE,TRUE,TRUE,TRUE,TRUE,TRUE,TRUE,TRUE,TRUE,TRUE,TRUE,TRUE,TRUE,TRUE,TRUE,TRUE,TRUE,TRUE,TRUE,TRUE,TRUE,TRUE,TRUE,TRUE,TRUE,TRUE,TRUE,TRUE,"CDGE61FL.shp"
"6","CG",1,"CGIR60FL.DTA",NA,NA,NA,NA,NA,NA,NA,NA,NA,NA,NA,NA,TRUE,TRUE,TRUE,NA,NA,TRUE,TRUE,TRUE,TRUE,TRUE,TRUE,TRUE,TRUE,TRUE,TRUE,TRUE,NA
"6","CI",1,"CIIR62FL.DTA",TRUE,TRUE,TRUE,TRUE,TRUE,TRUE,TRUE,TRUE,TRUE,TRUE,TRUE,TRUE,TRUE,TRUE,TRUE,TRUE,TRUE,TRUE,TRUE,TRUE,TRUE,TRUE,TRUE,TRUE,TRUE,TRUE,TRUE,TRUE,"CIGE61FL.shp"
"6","CM",1,"CMIR61FL.DTA",TRUE,TRUE,TRUE,TRUE,TRUE,TRUE,TRUE,TRUE,TRUE,TRUE,TRUE,TRUE,TRUE,TRUE,TRUE,TRUE,TRUE,TRUE,TRUE,TRUE,TRUE,TRUE,TRUE,TRUE,TRUE,TRUE,TRUE,TRUE,"CMGE61FL.shp"
"6","CO",1,"COIR61FL.DTA",TRUE,TRUE,TRUE,TRUE,TRUE,TRUE,TRUE,TRUE,TRUE,TRUE,TRUE,TRUE,TRUE,TRUE,TRUE,TRUE,TRUE,TRUE,TRUE,TRUE,TRUE,TRUE,TRUE,TRUE,TRUE,TRUE,TRUE,TRUE,"COGE61FL.shp"
"6","DR",1,"DRIR61FL.DTA",TRUE,TRUE,TRUE,TRUE,TRUE,TRUE,TRUE,TRUE,TRUE,TRUE,TRUE,TRUE,TRUE,TRUE,TRUE,TRUE,TRUE,TRUE,TRUE,TRUE,TRUE,TRUE,TRUE,TRUE,TRUE,TRUE,TRUE,TRUE,"DRGE61FL.shp"
"6","DR",2,"DRIR6AFL.DTA",TRUE,TRUE,TRUE,TRUE,TRUE,TRUE,TRUE,TRUE,TRUE,TRUE,TRUE,TRUE,TRUE,TRUE,TRUE,TRUE,TRUE,TRUE,TRUE,TRUE,TRUE,TRUE,TRUE,TRUE,TRUE,TRUE,TRUE,TRUE,"DRGE6AFL.shp"
"6","EG",1,"EGIR61FL.DTA",TRUE,TRUE,TRUE,TRUE,TRUE,TRUE,TRUE,TRUE,TRUE,TRUE,TRUE,TRUE,TRUE,TRUE,TRUE,TRUE,TRUE,TRUE,TRUE,TRUE,TRUE,TRUE,TRUE,TRUE,TRUE,TRUE,TRUE,TRUE,"EGGE61FL.shp"
"6","ET",1,"ETIR61FL.DTA",NA,NA,NA,NA,NA,NA,NA,NA,NA,NA,NA,NA,TRUE,TRUE,TRUE,NA,NA,TRUE,TRUE,TRUE,TRUE,TRUE,TRUE,TRUE,TRUE,TRUE,TRUE,TRUE,"ETGE61FL.shp"
"6","GA",1,"GAIR60FL.DTA",TRUE,TRUE,TRUE,TRUE,TRUE,TRUE,TRUE,TRUE,TRUE,TRUE,TRUE,TRUE,TRUE,TRUE,TRUE,TRUE,TRUE,TRUE,TRUE,TRUE,TRUE,TRUE,TRUE,TRUE,TRUE,TRUE,TRUE,TRUE,"GAGE61FL.shp"
"6","GM",1,"GMIR60FL.DTA",TRUE,TRUE,TRUE,TRUE,TRUE,TRUE,TRUE,TRUE,TRUE,TRUE,TRUE,TRUE,TRUE,TRUE,TRUE,TRUE,TRUE,TRUE,TRUE,TRUE,TRUE,TRUE,TRUE,TRUE,TRUE,TRUE,TRUE,TRUE,NA
"6","GN",1,"GNIR62FL.DTA",TRUE,TRUE,TRUE,TRUE,TRUE,TRUE,TRUE,TRUE,TRUE,TRUE,TRUE,TRUE,TRUE,TRUE,TRUE,TRUE,TRUE,TRUE,TRUE,TRUE,TRUE,TRUE,TRUE,TRUE,TRUE,TRUE,TRUE,TRUE,"GNGE61FL.shp"
"6","HN",1,"HNIR62FL.DTA",TRUE,TRUE,TRUE,TRUE,TRUE,TRUE,TRUE,TRUE,TRUE,TRUE,TRUE,TRUE,TRUE,TRUE,TRUE,TRUE,TRUE,TRUE,TRUE,TRUE,TRUE,TRUE,TRUE,TRUE,TRUE,TRUE,TRUE,TRUE,"HNGE61FL.shp"
"6","HT",1,"HTIR61FL.DTA",TRUE,TRUE,TRUE,TRUE,TRUE,TRUE,TRUE,TRUE,TRUE,TRUE,TRUE,TRUE,TRUE,TRUE,TRUE,TRUE,TRUE,TRUE,TRUE,TRUE,TRUE,TRUE,TRUE,TRUE,TRUE,TRUE,TRUE,TRUE,"HTGE61FL.shp"
"6","ID",1,"IDIR63FL.DTA",NA,NA,NA,NA,NA,NA,NA,NA,NA,NA,NA,NA,TRUE,TRUE,TRUE,NA,NA,TRUE,TRUE,TRUE,TRUE,TRUE,TRUE,TRUE,TRUE,TRUE,TRUE,TRUE,NA
"6","JO",1,"JOIR61FL.DTA",NA,NA,NA,NA,NA,NA,NA,NA,NA,NA,NA,NA,TRUE,TRUE,TRUE,NA,NA,TRUE,TRUE,TRUE,TRUE,TRUE,TRUE,TRUE,TRUE,TRUE,TRUE,TRUE,NA
"6","JO",2,"JOIR6CFL.DTA",TRUE,TRUE,TRUE,TRUE,TRUE,TRUE,TRUE,TRUE,TRUE,TRUE,TRUE,TRUE,TRUE,TRUE,TRUE,TRUE,TRUE,TRUE,TRUE,TRUE,TRUE,TRUE,TRUE,TRUE,TRUE,TRUE,TRUE,TRUE,"JOGE6AFL.shp"
"6","KH",1,"KHIR61FL.DTA",NA,NA,NA,NA,NA,NA,NA,NA,NA,NA,NA,NA,TRUE,TRUE,TRUE,NA,NA,TRUE,TRUE,TRUE,TRUE,TRUE,TRUE,TRUE,TRUE,TRUE,TRUE,TRUE,"KHGE62FL.shp"
"6","KM",1,"KMIR61FL.DTA",TRUE,TRUE,TRUE,TRUE,TRUE,TRUE,TRUE,TRUE,TRUE,TRUE,TRUE,TRUE,TRUE,TRUE,TRUE,TRUE,TRUE,TRUE,TRUE,TRUE,TRUE,TRUE,TRUE,TRUE,TRUE,TRUE,TRUE,TRUE,"KMGE61FL.shp"
"6","KY",1,"KYIR61FL.DTA",TRUE,TRUE,TRUE,TRUE,TRUE,TRUE,TRUE,TRUE,TRUE,TRUE,TRUE,TRUE,TRUE,TRUE,TRUE,TRUE,TRUE,TRUE,TRUE,TRUE,TRUE,TRUE,TRUE,TRUE,TRUE,TRUE,TRUE,TRUE,"KYGE61FL.shp"
"6","LB",1,"LBIR61FL.DTA",NA,NA,NA,NA,NA,NA,NA,NA,NA,NA,NA,NA,NA,NA,TRUE,NA,NA,TRUE,NA,NA,NA,NA,NA,NA,NA,NA,NA,NA,"LBGE61FL.shp"
"6","LB",2,"LBIR6AFL.DTA",NA,NA,NA,NA,NA,NA,NA,NA,NA,NA,NA,NA,TRUE,TRUE,TRUE,NA,NA,TRUE,TRUE,TRUE,TRUE,TRUE,TRUE,TRUE,TRUE,TRUE,TRUE,TRUE,"LBGE6AFL.shp"
"6","LS",1,"LSIR61FL.DTA",NA,NA,NA,NA,NA,NA,NA,NA,NA,NA,NA,NA,TRUE,TRUE,TRUE,NA,NA,TRUE,TRUE,TRUE,TRUE,TRUE,TRUE,TRUE,TRUE,TRUE,TRUE,TRUE,"LSGE62FL.shp"
"6","MD",1,"MDIR61FL.DTA",NA,NA,NA,NA,NA,NA,NA,NA,NA,NA,NA,NA,NA,NA,TRUE,NA,NA,TRUE,NA,NA,NA,NA,NA,NA,NA,NA,NA,NA,"MDGE61FL.shp"
"6","MD",2,"MDIR6HFL.DTA",NA,NA,NA,NA,NA,NA,NA,NA,NA,NA,NA,NA,NA,NA,TRUE,NA,NA,TRUE,NA,NA,NA,NA,NA,NA,NA,NA,NA,NA,"MDGE6AFL.shp"
"6","ML",1,NA,NA,NA,NA,NA,NA,NA,NA,NA,NA,NA,NA,NA,NA,NA,NA,NA,NA,NA,NA,NA,NA,NA,NA,NA,NA,NA,NA,NA,"MLGE63FL.shp"
"6","ML",2,"MLIR6HFL.DTA",TRUE,TRUE,TRUE,TRUE,TRUE,TRUE,TRUE,TRUE,TRUE,TRUE,TRUE,TRUE,TRUE,TRUE,TRUE,TRUE,TRUE,TRUE,TRUE,TRUE,TRUE,TRUE,TRUE,TRUE,TRUE,TRUE,TRUE,TRUE,"MLGE6BFL.shp"
"6","ML",2,"MLIR6AFL.DTA",TRUE,TRUE,TRUE,TRUE,TRUE,TRUE,TRUE,TRUE,TRUE,TRUE,TRUE,TRUE,TRUE,TRUE,TRUE,TRUE,TRUE,TRUE,TRUE,TRUE,TRUE,TRUE,TRUE,TRUE,TRUE,TRUE,TRUE,TRUE,"MLGE6BFL.shp"
"6","MW",1,"MWIR61FL.DTA",TRUE,TRUE,TRUE,TRUE,TRUE,TRUE,TRUE,TRUE,TRUE,TRUE,TRUE,TRUE,TRUE,TRUE,TRUE,TRUE,TRUE,TRUE,TRUE,TRUE,TRUE,TRUE,TRUE,TRUE,TRUE,TRUE,TRUE,TRUE,"MWGE62FL.shp"
"6","MW",2,"MWIR6HFL.DTA",NA,NA,NA,NA,NA,NA,NA,NA,NA,NA,NA,NA,TRUE,TRUE,TRUE,NA,NA,TRUE,TRUE,TRUE,TRUE,TRUE,TRUE,TRUE,TRUE,TRUE,TRUE,TRUE,"MWGE6AFL.shp"
"6","MZ",1,"MZIR62FL.DTA",TRUE,TRUE,TRUE,TRUE,TRUE,TRUE,TRUE,TRUE,TRUE,TRUE,TRUE,TRUE,TRUE,TRUE,TRUE,TRUE,TRUE,TRUE,TRUE,TRUE,TRUE,TRUE,TRUE,TRUE,TRUE,TRUE,TRUE,TRUE,"MZGE61FL.shp"
"6","NG",1,"NGIR61FL.DTA",NA,NA,NA,NA,NA,NA,NA,NA,NA,NA,NA,NA,NA,NA,NA,NA,NA,TRUE,NA,NA,NA,NA,NA,NA,NA,NA,NA,NA,"NGGE61FL.shp"
"6","NG",2,"NGIR6AFL.DTA",TRUE,TRUE,TRUE,TRUE,TRUE,TRUE,TRUE,TRUE,TRUE,TRUE,TRUE,TRUE,TRUE,TRUE,TRUE,TRUE,TRUE,TRUE,TRUE,TRUE,TRUE,TRUE,TRUE,TRUE,TRUE,TRUE,TRUE,TRUE,"NGGE6AFL.shp"
"6","NI",1,"NIIR61FL.DTA",NA,NA,NA,NA,NA,NA,NA,NA,NA,NA,NA,NA,TRUE,TRUE,TRUE,NA,NA,TRUE,TRUE,TRUE,TRUE,TRUE,TRUE,TRUE,TRUE,TRUE,TRUE,TRUE,NA
"6","NM",1,"NMIR61FL.DTA",TRUE,TRUE,TRUE,TRUE,TRUE,TRUE,TRUE,TRUE,TRUE,TRUE,TRUE,TRUE,TRUE,TRUE,TRUE,TRUE,TRUE,TRUE,TRUE,TRUE,TRUE,TRUE,TRUE,TRUE,TRUE,TRUE,TRUE,TRUE,"NMGE61FL.shp"
"6","NP",1,"NPIR60FL.DTA",TRUE,TRUE,TRUE,TRUE,TRUE,TRUE,TRUE,TRUE,TRUE,TRUE,TRUE,TRUE,TRUE,TRUE,TRUE,TRUE,TRUE,TRUE,TRUE,TRUE,TRUE,TRUE,TRUE,TRUE,TRUE,TRUE,TRUE,TRUE,"NPGE61FL.shp"
"6","PE",1,"PEIR61FL.DTA",TRUE,TRUE,TRUE,TRUE,TRUE,TRUE,TRUE,TRUE,TRUE,TRUE,TRUE,TRUE,TRUE,TRUE,TRUE,TRUE,TRUE,TRUE,TRUE,TRUE,TRUE,TRUE,TRUE,TRUE,TRUE,TRUE,TRUE,TRUE,NA
"6","PE",2,"PEIR6AFL.DTA",TRUE,TRUE,TRUE,TRUE,TRUE,TRUE,TRUE,TRUE,TRUE,TRUE,TRUE,TRUE,TRUE,TRUE,TRUE,TRUE,TRUE,TRUE,TRUE,TRUE,TRUE,TRUE,TRUE,TRUE,TRUE,TRUE,TRUE,TRUE,NA
"6","PE",3,"PEIR6IFL.DTA",TRUE,TRUE,TRUE,TRUE,TRUE,TRUE,TRUE,TRUE,TRUE,TRUE,TRUE,TRUE,TRUE,TRUE,TRUE,TRUE,TRUE,TRUE,TRUE,TRUE,TRUE,TRUE,TRUE,TRUE,TRUE,TRUE,TRUE,TRUE,NA
"6","PH",1,"PHIR61FL.DTA",TRUE,TRUE,TRUE,TRUE,TRUE,TRUE,TRUE,TRUE,TRUE,TRUE,TRUE,TRUE,TRUE,TRUE,TRUE,TRUE,TRUE,TRUE,TRUE,TRUE,TRUE,TRUE,TRUE,TRUE,TRUE,TRUE,TRUE,TRUE,NA
"6","PK",1,"PKIR61FL.DTA",TRUE,TRUE,TRUE,TRUE,TRUE,TRUE,TRUE,TRUE,TRUE,TRUE,TRUE,TRUE,TRUE,TRUE,TRUE,TRUE,TRUE,TRUE,TRUE,TRUE,TRUE,TRUE,TRUE,TRUE,TRUE,TRUE,TRUE,TRUE,NA
"6","RW",1,"RWIR61FL.DTA",TRUE,TRUE,TRUE,TRUE,TRUE,TRUE,TRUE,TRUE,TRUE,TRUE,TRUE,TRUE,TRUE,TRUE,TRUE,TRUE,TRUE,TRUE,TRUE,TRUE,TRUE,TRUE,TRUE,TRUE,TRUE,TRUE,TRUE,TRUE,"RWGE61FL.shp"
"6","RW",3,"RWIR6QFL.DTA",NA,NA,NA,NA,NA,NA,NA,NA,NA,NA,NA,NA,NA,NA,TRUE,NA,NA,TRUE,NA,NA,NA,NA,NA,NA,NA,NA,NA,NA,NA
"6","SL",1,"SLIR61FL.DTA",TRUE,TRUE,TRUE,TRUE,TRUE,TRUE,TRUE,TRUE,TRUE,TRUE,TRUE,TRUE,TRUE,TRUE,TRUE,TRUE,TRUE,TRUE,TRUE,TRUE,TRUE,TRUE,TRUE,TRUE,TRUE,TRUE,TRUE,TRUE,"SLGE61FL.shp"
"6","SN",1,"SNIR61FL.DTA",NA,NA,NA,NA,NA,NA,NA,NA,NA,NA,NA,NA,TRUE,TRUE,TRUE,NA,NA,TRUE,TRUE,TRUE,TRUE,TRUE,TRUE,TRUE,TRUE,TRUE,TRUE,TRUE,"SNGE61FL.shp"
"6","SN",2,"SNIR6DFL.DTA",NA,NA,NA,NA,NA,NA,NA,NA,NA,NA,NA,NA,TRUE,TRUE,TRUE,NA,NA,TRUE,TRUE,TRUE,TRUE,TRUE,TRUE,TRUE,TRUE,TRUE,TRUE,TRUE,"SNGE6AFL.shp"
"6","SN",4,"SNIR6RFL.DTA",NA,NA,NA,NA,NA,NA,NA,NA,NA,NA,NA,NA,TRUE,TRUE,TRUE,NA,NA,TRUE,TRUE,TRUE,TRUE,TRUE,TRUE,TRUE,TRUE,TRUE,TRUE,TRUE,"SNGE6RFL.shp"
"6","TG",1,"TGIR61FL.DTA",TRUE,TRUE,TRUE,TRUE,TRUE,TRUE,TRUE,TRUE,TRUE,TRUE,TRUE,TRUE,TRUE,TRUE,TRUE,TRUE,TRUE,TRUE,TRUE,TRUE,TRUE,TRUE,TRUE,TRUE,TRUE,TRUE,TRUE,TRUE,"TGGE62FL.shp"
"6","TJ",1,"TJIR61FL.DTA",TRUE,TRUE,TRUE,TRUE,TRUE,TRUE,TRUE,TRUE,TRUE,TRUE,TRUE,TRUE,TRUE,TRUE,TRUE,TRUE,TRUE,TRUE,TRUE,TRUE,TRUE,TRUE,TRUE,TRUE,TRUE,TRUE,TRUE,TRUE,"TJGE61FL.shp"
"6","TL",1,"TLIR61FL.DTA",TRUE,TRUE,TRUE,TRUE,TRUE,TRUE,TRUE,TRUE,TRUE,TRUE,TRUE,TRUE,TRUE,TRUE,TRUE,TRUE,TRUE,TRUE,TRUE,TRUE,TRUE,TRUE,TRUE,TRUE,TRUE,TRUE,TRUE,TRUE,"TLGE62FL.shp"
"6","TR",1,"TRIR61FL.DTA",NA,NA,NA,NA,NA,NA,NA,NA,NA,NA,NA,NA,TRUE,TRUE,TRUE,NA,NA,TRUE,TRUE,TRUE,TRUE,TRUE,TRUE,TRUE,TRUE,TRUE,TRUE,TRUE,NA
"6","TZ",1,"TZIR63FL.DTA",TRUE,TRUE,TRUE,TRUE,TRUE,TRUE,TRUE,TRUE,TRUE,TRUE,TRUE,TRUE,TRUE,TRUE,TRUE,TRUE,TRUE,TRUE,TRUE,TRUE,TRUE,TRUE,TRUE,TRUE,TRUE,TRUE,TRUE,TRUE,"TZGE61FL.shp"
"6","TZ",2,"TZIR6AFL.DTA",NA,NA,NA,NA,NA,NA,NA,NA,NA,NA,NA,NA,TRUE,TRUE,TRUE,NA,NA,TRUE,NA,NA,NA,NA,NA,NA,NA,NA,TRUE,TRUE,"TZGE6AFL.shp"
"6","UG",1,"UGIR60FL.DTA",TRUE,TRUE,TRUE,TRUE,TRUE,TRUE,TRUE,TRUE,TRUE,TRUE,TRUE,TRUE,TRUE,TRUE,TRUE,TRUE,TRUE,TRUE,TRUE,TRUE,TRUE,TRUE,TRUE,TRUE,TRUE,TRUE,TRUE,TRUE,"UGGE61FL.shp"
"6","UG",2,"UGIR6AFL.DTA",TRUE,TRUE,TRUE,TRUE,TRUE,TRUE,TRUE,TRUE,TRUE,TRUE,TRUE,TRUE,TRUE,TRUE,TRUE,TRUE,TRUE,TRUE,TRUE,TRUE,TRUE,TRUE,TRUE,TRUE,TRUE,TRUE,TRUE,TRUE,"UGGE6AFL.shp"
"6","YE",1,"YEIR61FL.DTA",NA,NA,NA,NA,NA,NA,NA,NA,NA,NA,NA,NA,TRUE,TRUE,TRUE,NA,NA,TRUE,TRUE,TRUE,TRUE,TRUE,TRUE,TRUE,TRUE,TRUE,TRUE,TRUE,NA
"6","ZM",1,"ZMIR61FL.DTA",TRUE,TRUE,TRUE,TRUE,TRUE,TRUE,TRUE,TRUE,TRUE,TRUE,TRUE,TRUE,TRUE,TRUE,TRUE,TRUE,TRUE,TRUE,TRUE,TRUE,TRUE,TRUE,TRUE,TRUE,TRUE,TRUE,TRUE,TRUE,"ZMGE61FL.shp"
"6","ZW",1,"ZWIR62FL.DTA",TRUE,TRUE,TRUE,TRUE,TRUE,TRUE,TRUE,TRUE,TRUE,TRUE,TRUE,TRUE,TRUE,TRUE,TRUE,TRUE,TRUE,TRUE,TRUE,TRUE,TRUE,TRUE,TRUE,TRUE,TRUE,TRUE,TRUE,TRUE,"ZWGE61FL.shp"
"7","AF",1,"AFIR70FL.DTA",TRUE,TRUE,TRUE,TRUE,TRUE,TRUE,TRUE,TRUE,TRUE,TRUE,TRUE,TRUE,TRUE,TRUE,TRUE,TRUE,TRUE,TRUE,TRUE,TRUE,TRUE,TRUE,TRUE,TRUE,TRUE,TRUE,TRUE,TRUE,NA
"7","AL",1,"ALIR71FL.DTA",NA,NA,NA,NA,NA,NA,NA,NA,NA,NA,NA,NA,TRUE,TRUE,TRUE,NA,NA,TRUE,TRUE,TRUE,TRUE,TRUE,TRUE,TRUE,TRUE,TRUE,TRUE,TRUE,"ALGE71FL.shp"
"7","AM",1,"AMIR71FL.DTA",TRUE,TRUE,TRUE,TRUE,TRUE,TRUE,TRUE,TRUE,TRUE,TRUE,TRUE,TRUE,TRUE,TRUE,TRUE,TRUE,TRUE,TRUE,TRUE,TRUE,TRUE,TRUE,TRUE,TRUE,TRUE,TRUE,TRUE,TRUE,"AMGE71FL.shp"
"7","AM",1,"AMIR72FL.DTA",TRUE,TRUE,TRUE,TRUE,TRUE,TRUE,TRUE,TRUE,TRUE,TRUE,TRUE,TRUE,TRUE,TRUE,TRUE,TRUE,TRUE,TRUE,TRUE,TRUE,TRUE,TRUE,TRUE,TRUE,TRUE,TRUE,TRUE,TRUE,"AMGE71FL.shp"
"7","AO",1,"AOIR71FL.DTA",TRUE,TRUE,TRUE,TRUE,TRUE,TRUE,TRUE,TRUE,TRUE,TRUE,TRUE,TRUE,TRUE,TRUE,TRUE,TRUE,TRUE,TRUE,TRUE,TRUE,TRUE,TRUE,TRUE,TRUE,TRUE,TRUE,TRUE,TRUE,"AOGE71FL.shp"
"7","BD",1,"BDIR72FL.DTA",NA,NA,NA,NA,NA,NA,NA,NA,NA,NA,NA,NA,TRUE,TRUE,TRUE,NA,NA,TRUE,TRUE,TRUE,TRUE,TRUE,TRUE,TRUE,TRUE,TRUE,TRUE,TRUE,"BDGE71FL.shp"
"7","BF",1,"BFIR70FL.DTA",NA,NA,NA,NA,NA,NA,NA,NA,NA,NA,NA,NA,NA,NA,TRUE,NA,NA,TRUE,NA,NA,NA,NA,NA,NA,NA,NA,NA,NA,"BFGE71FL.shp"
"7","BJ",1,"BJIR71FL.DTA",TRUE,TRUE,TRUE,TRUE,TRUE,TRUE,TRUE,TRUE,TRUE,TRUE,TRUE,TRUE,TRUE,TRUE,TRUE,TRUE,TRUE,TRUE,TRUE,TRUE,TRUE,TRUE,TRUE,TRUE,TRUE,TRUE,TRUE,TRUE,"BJGE71FL.shp"
"7","BU",1,"BUIR70FL.DTA",TRUE,TRUE,TRUE,TRUE,TRUE,TRUE,TRUE,TRUE,TRUE,TRUE,TRUE,TRUE,TRUE,TRUE,TRUE,TRUE,TRUE,TRUE,TRUE,TRUE,TRUE,TRUE,TRUE,TRUE,TRUE,TRUE,TRUE,TRUE,"BUGE71FL.shp"
"7","CO",1,"COIR72FL.DTA",TRUE,TRUE,TRUE,TRUE,TRUE,TRUE,TRUE,TRUE,TRUE,TRUE,TRUE,TRUE,TRUE,TRUE,TRUE,TRUE,TRUE,TRUE,TRUE,TRUE,TRUE,TRUE,TRUE,TRUE,TRUE,TRUE,TRUE,TRUE,NA
"7","ET",1,"ETIR70FL.DTA",TRUE,TRUE,TRUE,TRUE,TRUE,TRUE,TRUE,TRUE,TRUE,TRUE,TRUE,TRUE,TRUE,TRUE,TRUE,TRUE,TRUE,TRUE,TRUE,TRUE,TRUE,TRUE,TRUE,TRUE,TRUE,TRUE,TRUE,TRUE,"ETGE71FL.shp"
"7","GH",1,"GHIR72FL.DTA",NA,NA,NA,NA,NA,NA,NA,NA,NA,NA,NA,NA,TRUE,TRUE,TRUE,NA,NA,TRUE,TRUE,TRUE,TRUE,TRUE,TRUE,TRUE,TRUE,TRUE,TRUE,TRUE,"GHGE71FL.shp"
"7","GH",2,"GHIR7BFL.DTA",NA,NA,NA,NA,NA,NA,NA,NA,NA,NA,NA,NA,NA,NA,NA,NA,NA,TRUE,NA,NA,NA,NA,NA,NA,NA,NA,NA,NA,"GHGE7AFL.shp"
"7","GH",3,NA,NA,NA,NA,NA,NA,NA,NA,NA,NA,NA,NA,NA,NA,NA,NA,NA,NA,NA,NA,NA,NA,NA,NA,NA,NA,NA,NA,NA,"GHGE7IFL.shp"
"7","GU",1,"GUIR71FL.DTA",TRUE,TRUE,TRUE,TRUE,TRUE,TRUE,TRUE,TRUE,TRUE,TRUE,TRUE,TRUE,TRUE,TRUE,TRUE,TRUE,TRUE,TRUE,TRUE,TRUE,TRUE,TRUE,TRUE,TRUE,TRUE,TRUE,TRUE,TRUE,"GUGE71FL.shp"
"7","HT",1,"HTIR70FL.DTA",TRUE,TRUE,TRUE,TRUE,TRUE,TRUE,TRUE,TRUE,TRUE,TRUE,TRUE,TRUE,TRUE,TRUE,TRUE,TRUE,TRUE,TRUE,TRUE,TRUE,TRUE,TRUE,TRUE,TRUE,TRUE,TRUE,TRUE,TRUE,"HTGE71FL.shp"
"7","IA",1,"IAIR74FL.DTA",TRUE,TRUE,TRUE,TRUE,TRUE,TRUE,TRUE,TRUE,TRUE,TRUE,TRUE,TRUE,TRUE,TRUE,TRUE,TRUE,TRUE,TRUE,TRUE,TRUE,TRUE,TRUE,TRUE,TRUE,TRUE,TRUE,TRUE,TRUE,"IAGE71FL.shp"
"7","ID",1,"IDIR71FL.DTA",NA,NA,NA,NA,NA,NA,NA,NA,NA,NA,NA,NA,TRUE,TRUE,TRUE,NA,NA,TRUE,TRUE,TRUE,TRUE,TRUE,TRUE,TRUE,TRUE,TRUE,TRUE,TRUE,NA
"7","JO",1,"JOIR71FL.DTA",TRUE,TRUE,TRUE,TRUE,TRUE,TRUE,TRUE,TRUE,TRUE,TRUE,TRUE,TRUE,TRUE,TRUE,TRUE,TRUE,TRUE,TRUE,TRUE,TRUE,TRUE,TRUE,TRUE,TRUE,TRUE,TRUE,TRUE,TRUE,"JOGE71FL.shp"
"7","KE",1,"KEIR71FL.DTA",TRUE,TRUE,TRUE,TRUE,TRUE,TRUE,TRUE,TRUE,TRUE,TRUE,TRUE,TRUE,TRUE,TRUE,TRUE,TRUE,TRUE,TRUE,TRUE,TRUE,TRUE,TRUE,TRUE,TRUE,TRUE,TRUE,TRUE,TRUE,"KEGE71FL.shp"
"7","KE",2,"KEIR7HFL.DTA",NA,NA,NA,NA,NA,NA,NA,NA,NA,NA,NA,NA,NA,NA,TRUE,NA,NA,TRUE,NA,NA,NA,NA,NA,NA,NA,NA,NA,NA,"KEGE7AFL.shp"
"7","KE",2,"KEIR7AFL.DTA",NA,NA,NA,NA,NA,NA,NA,NA,NA,NA,NA,NA,NA,NA,TRUE,NA,NA,TRUE,NA,NA,NA,NA,NA,NA,NA,NA,NA,NA,"KEGE7AFL.shp"
"7","KH",1,"KHIR73FL.DTA",TRUE,TRUE,TRUE,TRUE,TRUE,TRUE,TRUE,TRUE,TRUE,TRUE,TRUE,TRUE,TRUE,TRUE,TRUE,TRUE,TRUE,TRUE,TRUE,TRUE,TRUE,TRUE,TRUE,TRUE,TRUE,TRUE,TRUE,TRUE,"KHGE71FL.shp"
"7","LB",1,"LBIR70FL.DTA",NA,NA,NA,NA,NA,NA,NA,NA,NA,NA,NA,NA,NA,NA,TRUE,NA,NA,TRUE,NA,NA,NA,NA,NA,NA,NA,NA,NA,NA,"LBGE71FL.shp"
"7","LB",1,"LBIR71FL.DTA",NA,NA,NA,NA,NA,NA,NA,NA,NA,NA,NA,NA,NA,NA,TRUE,NA,NA,TRUE,NA,NA,NA,NA,NA,NA,NA,NA,NA,NA,"LBGE71FL.shp"
"7","LS",1,"LSIR71FL.DTA",NA,NA,NA,NA,NA,NA,NA,NA,NA,NA,NA,NA,TRUE,TRUE,TRUE,NA,NA,TRUE,TRUE,TRUE,TRUE,TRUE,TRUE,TRUE,TRUE,TRUE,TRUE,TRUE,"LSGE71FL.shp"
"7","MD",1,"MDIR71FL.DTA",NA,NA,NA,NA,NA,NA,NA,NA,NA,NA,NA,NA,NA,NA,TRUE,NA,NA,TRUE,NA,NA,NA,NA,NA,NA,NA,NA,NA,NA,"MDGE71FL.shp"
"7","ML",1,"MLIR70FL.DTA",NA,NA,NA,NA,NA,NA,NA,NA,NA,NA,NA,NA,NA,NA,TRUE,NA,NA,TRUE,NA,NA,NA,NA,NA,NA,NA,NA,NA,NA,"MLGE71FL.shp"
"7","MM",1,"MMIR71FL.DTA",TRUE,TRUE,TRUE,TRUE,TRUE,TRUE,TRUE,TRUE,TRUE,TRUE,TRUE,TRUE,TRUE,TRUE,TRUE,TRUE,TRUE,TRUE,TRUE,TRUE,TRUE,TRUE,TRUE,TRUE,TRUE,TRUE,TRUE,TRUE,"MMGE71FL.shp"
"7","MV",1,"MVIR71FL.DTA",TRUE,TRUE,TRUE,TRUE,TRUE,TRUE,TRUE,TRUE,TRUE,TRUE,TRUE,TRUE,TRUE,TRUE,TRUE,TRUE,TRUE,TRUE,TRUE,TRUE,TRUE,TRUE,TRUE,TRUE,TRUE,TRUE,TRUE,TRUE,NA
"7","MW",1,"MWIR71FL.DTA",NA,NA,NA,NA,NA,NA,NA,NA,NA,NA,NA,NA,NA,NA,TRUE,NA,NA,TRUE,NA,NA,NA,NA,NA,NA,NA,NA,NA,NA,"MWGE71FL.shp"
"7","MW",2,"MWIR7HFL.DTA",TRUE,TRUE,TRUE,TRUE,TRUE,TRUE,TRUE,TRUE,TRUE,TRUE,TRUE,TRUE,TRUE,TRUE,TRUE,TRUE,TRUE,TRUE,TRUE,TRUE,TRUE,TRUE,TRUE,TRUE,TRUE,TRUE,TRUE,TRUE,"MWGE7AFL.shp"
"7","MW",3,"MWIR7IFL.DTA",NA,NA,NA,NA,NA,NA,NA,NA,NA,NA,NA,NA,NA,NA,NA,NA,NA,TRUE,NA,NA,NA,NA,NA,NA,NA,NA,NA,NA,"MWGE7IFL.shp"
"7","MZ",1,"MZIR71FL.DTA",TRUE,TRUE,TRUE,TRUE,TRUE,TRUE,TRUE,TRUE,TRUE,TRUE,TRUE,TRUE,TRUE,TRUE,TRUE,TRUE,TRUE,TRUE,TRUE,TRUE,TRUE,TRUE,TRUE,TRUE,TRUE,TRUE,TRUE,TRUE,"MZGE71FL.shp"
"7","NG",1,"NGIR71FL.DTA",NA,NA,NA,NA,NA,NA,NA,NA,NA,NA,NA,NA,NA,NA,TRUE,NA,NA,TRUE,NA,NA,NA,NA,NA,NA,NA,NA,NA,NA,"NGGE71FL.shp"
"7","NP",2,"NPIR7HFL.DTA",TRUE,TRUE,TRUE,TRUE,TRUE,TRUE,TRUE,TRUE,TRUE,TRUE,TRUE,TRUE,TRUE,TRUE,TRUE,TRUE,TRUE,TRUE,TRUE,TRUE,TRUE,TRUE,TRUE,TRUE,TRUE,TRUE,TRUE,TRUE,"NPGE7AFL.shp"
"7","PH",1,"PHIR70FL.DTA",TRUE,TRUE,TRUE,TRUE,TRUE,TRUE,TRUE,TRUE,TRUE,TRUE,TRUE,TRUE,TRUE,TRUE,TRUE,TRUE,TRUE,TRUE,TRUE,TRUE,TRUE,TRUE,TRUE,TRUE,TRUE,TRUE,TRUE,TRUE,"PHGE71FL.shp"
"7","PK",1,"PKIR71FL.DTA",TRUE,TRUE,TRUE,TRUE,TRUE,TRUE,TRUE,TRUE,TRUE,TRUE,TRUE,TRUE,TRUE,TRUE,TRUE,TRUE,TRUE,TRUE,TRUE,TRUE,TRUE,TRUE,TRUE,TRUE,TRUE,TRUE,TRUE,TRUE,"PKGE71FL.shp"
"7","RW",1,"RWIR70FL.DTA",TRUE,TRUE,TRUE,TRUE,TRUE,TRUE,TRUE,TRUE,TRUE,TRUE,TRUE,TRUE,TRUE,TRUE,TRUE,TRUE,TRUE,TRUE,TRUE,TRUE,TRUE,TRUE,TRUE,TRUE,TRUE,TRUE,TRUE,TRUE,"RWGE72FL.shp"
"7","RW",2,"RWIR7AFL.DTA",NA,NA,NA,NA,NA,NA,NA,NA,NA,NA,NA,NA,NA,NA,NA,NA,NA,TRUE,NA,NA,NA,NA,NA,NA,NA,NA,NA,NA,NA
"7","SL",1,"SLIR71FL.DTA",NA,NA,NA,NA,NA,NA,NA,NA,NA,NA,NA,NA,NA,NA,TRUE,NA,NA,TRUE,NA,NA,NA,NA,NA,NA,NA,NA,NA,NA,"SLGE71FL.shp"
"7","SN",1,"SNIR70FL.DTA",NA,NA,NA,NA,NA,NA,NA,NA,NA,NA,NA,NA,TRUE,TRUE,TRUE,NA,NA,TRUE,TRUE,TRUE,TRUE,TRUE,TRUE,TRUE,TRUE,TRUE,TRUE,TRUE,"SNGE71FL.shp"
"7","SN",2,"SNIR7HFL.DTA",NA,NA,NA,NA,NA,NA,NA,NA,NA,NA,NA,NA,TRUE,TRUE,TRUE,NA,NA,TRUE,TRUE,TRUE,TRUE,TRUE,TRUE,TRUE,TRUE,TRUE,TRUE,TRUE,"SNGE7AFL.shp"
"7","SN",3,"SNIR7IFL.DTA",NA,NA,NA,NA,NA,NA,NA,NA,NA,NA,NA,NA,TRUE,TRUE,TRUE,NA,NA,TRUE,TRUE,TRUE,TRUE,TRUE,TRUE,TRUE,TRUE,TRUE,TRUE,TRUE,"SNGE7IFL.shp"
"7","SN",4,"SNIR7ZFL.DTA",TRUE,TRUE,TRUE,TRUE,TRUE,TRUE,TRUE,TRUE,TRUE,TRUE,TRUE,TRUE,TRUE,TRUE,TRUE,TRUE,TRUE,TRUE,TRUE,TRUE,TRUE,TRUE,TRUE,TRUE,TRUE,TRUE,TRUE,TRUE,NA
"7","TD",1,"TDIR71FL.DTA",TRUE,TRUE,TRUE,TRUE,TRUE,TRUE,TRUE,TRUE,TRUE,TRUE,TRUE,TRUE,TRUE,TRUE,TRUE,TRUE,TRUE,TRUE,TRUE,TRUE,TRUE,TRUE,TRUE,TRUE,TRUE,TRUE,TRUE,TRUE,"TDGE71FL.shp"
"7","TG",1,"TGIR71FL.DTA",NA,NA,NA,NA,NA,NA,NA,NA,NA,NA,NA,NA,NA,NA,NA,NA,NA,TRUE,NA,NA,NA,NA,NA,NA,NA,NA,NA,NA,"TGGE71FL.shp"
"7","TJ",1,"TJIR70FL.DTA",TRUE,TRUE,TRUE,TRUE,TRUE,TRUE,TRUE,TRUE,TRUE,TRUE,TRUE,TRUE,TRUE,TRUE,TRUE,TRUE,TRUE,TRUE,TRUE,TRUE,TRUE,TRUE,TRUE,TRUE,TRUE,TRUE,TRUE,TRUE,"TJGE71FL.shp"
"7","TL",1,"TLIR71FL.DTA",TRUE,TRUE,TRUE,TRUE,TRUE,TRUE,TRUE,TRUE,TRUE,TRUE,TRUE,TRUE,TRUE,TRUE,TRUE,TRUE,TRUE,TRUE,TRUE,TRUE,TRUE,TRUE,TRUE,TRUE,TRUE,TRUE,TRUE,TRUE,"TLGE71FL.shp"
"7","TZ",2,"TZIR7AFL.DTA",TRUE,TRUE,TRUE,TRUE,TRUE,TRUE,TRUE,TRUE,TRUE,TRUE,TRUE,TRUE,TRUE,TRUE,TRUE,TRUE,TRUE,TRUE,TRUE,TRUE,TRUE,TRUE,TRUE,TRUE,TRUE,TRUE,TRUE,TRUE,"TZGE7AFL.shp"
"7","TZ",3,"TZIR7QFL.DTA",NA,NA,NA,NA,NA,NA,NA,NA,NA,NA,NA,NA,NA,NA,NA,NA,NA,TRUE,NA,NA,NA,NA,NA,NA,NA,NA,NA,NA,"TZGE7IFL.shp"
"7","UG",1,"UGIR72FL.DTA",NA,NA,NA,NA,NA,NA,NA,NA,NA,NA,NA,NA,NA,NA,TRUE,NA,NA,TRUE,NA,NA,NA,NA,NA,NA,NA,NA,NA,NA,"UGGE71FL.shp"
"7","UG",2,"UGIR7AFL.DTA",TRUE,TRUE,TRUE,TRUE,TRUE,TRUE,TRUE,TRUE,TRUE,TRUE,TRUE,TRUE,TRUE,TRUE,TRUE,TRUE,TRUE,TRUE,TRUE,TRUE,TRUE,TRUE,TRUE,TRUE,TRUE,TRUE,TRUE,TRUE,"UGGE7AFL.shp"
"7","ZA",1,"ZAIR71FL.DTA",TRUE,TRUE,TRUE,TRUE,TRUE,TRUE,TRUE,TRUE,TRUE,TRUE,TRUE,TRUE,TRUE,TRUE,TRUE,TRUE,TRUE,TRUE,TRUE,TRUE,TRUE,TRUE,TRUE,TRUE,TRUE,TRUE,TRUE,TRUE,"ZAGE71FL.shp"
"7","ZW",1,"ZWIR71FL.DTA",TRUE,TRUE,TRUE,TRUE,TRUE,TRUE,TRUE,TRUE,TRUE,TRUE,TRUE,TRUE,TRUE,TRUE,TRUE,TRUE,TRUE,TRUE,TRUE,TRUE,TRUE,TRUE,TRUE,TRUE,TRUE,TRUE,TRUE,TRUE,"ZWGE72FL.shp"
"G","SN",1,"SNIRG0FL.DTA",NA,NA,NA,NA,NA,NA,NA,NA,NA,NA,NA,NA,TRUE,TRUE,TRUE,NA,NA,TRUE,TRUE,TRUE,TRUE,TRUE,TRUE,TRUE,TRUE,TRUE,TRUE,TRUE,NA
